/*
SQLyog Community v13.1.6 (64 bit)
MySQL - 8.0.23 : Database - multhelp
*********************************************************************
*/

/*!40101 SET NAMES utf8 */;

/*!40101 SET SQL_MODE=''*/;

/*!40014 SET @OLD_UNIQUE_CHECKS=@@UNIQUE_CHECKS, UNIQUE_CHECKS=0 */;
/*!40014 SET @OLD_FOREIGN_KEY_CHECKS=@@FOREIGN_KEY_CHECKS, FOREIGN_KEY_CHECKS=0 */;
/*!40101 SET @OLD_SQL_MODE=@@SQL_MODE, SQL_MODE='NO_AUTO_VALUE_ON_ZERO' */;
/*!40111 SET @OLD_SQL_NOTES=@@SQL_NOTES, SQL_NOTES=0 */;
CREATE DATABASE /*!32312 IF NOT EXISTS*/`multhelp` /*!40100 DEFAULT CHARACTER SET utf8mb4 COLLATE utf8mb4_general_ci */ /*!80016 DEFAULT ENCRYPTION='N' */;

USE `multhelp`;

/*Table structure for table `gen_table` */

DROP TABLE IF EXISTS `gen_table`;

CREATE TABLE `gen_table` (
  `table_id` bigint NOT NULL AUTO_INCREMENT COMMENT 'ç¼–å·',
  `table_name` varchar(200) COLLATE utf8mb4_general_ci DEFAULT '' COMMENT 'è¡¨åç§°',
  `table_comment` varchar(500) COLLATE utf8mb4_general_ci DEFAULT '' COMMENT 'è¡¨æè¿°',
  `sub_table_name` varchar(64) COLLATE utf8mb4_general_ci DEFAULT NULL COMMENT 'å…³è”å­è¡¨çš„è¡¨å',
  `sub_table_fk_name` varchar(64) COLLATE utf8mb4_general_ci DEFAULT NULL COMMENT 'å­è¡¨å…³è”çš„å¤–é”®å',
  `class_name` varchar(100) COLLATE utf8mb4_general_ci DEFAULT '' COMMENT 'å®ä½“ç±»åç§°',
  `tpl_category` varchar(200) COLLATE utf8mb4_general_ci DEFAULT 'crud' COMMENT 'ä½¿ç”¨çš„æ¨¡æ¿ï¼ˆcrudå•è¡¨æ“ä½œ treeæ ‘è¡¨æ“ä½œï¼‰',
  `package_name` varchar(100) COLLATE utf8mb4_general_ci DEFAULT NULL COMMENT 'ç”ŸæˆåŒ…è·¯å¾„',
  `module_name` varchar(30) COLLATE utf8mb4_general_ci DEFAULT NULL COMMENT 'ç”Ÿæˆæ¨¡å—å',
  `business_name` varchar(30) COLLATE utf8mb4_general_ci DEFAULT NULL COMMENT 'ç”Ÿæˆä¸šåŠ¡å',
  `function_name` varchar(50) COLLATE utf8mb4_general_ci DEFAULT NULL COMMENT 'ç”ŸæˆåŠŸèƒ½å',
  `function_author` varchar(50) COLLATE utf8mb4_general_ci DEFAULT NULL COMMENT 'ç”ŸæˆåŠŸèƒ½ä½œè€…',
  `gen_type` char(1) COLLATE utf8mb4_general_ci DEFAULT '0' COMMENT 'ç”Ÿæˆä»£ç æ–¹å¼ï¼ˆ0zipå‹ç¼©åŒ… 1è‡ªå®šä¹‰è·¯å¾„ï¼‰',
  `gen_path` varchar(200) COLLATE utf8mb4_general_ci DEFAULT '/' COMMENT 'ç”Ÿæˆè·¯å¾„ï¼ˆä¸å¡«é»˜è®¤é¡¹ç›®è·¯å¾„ï¼‰',
  `options` varchar(1000) COLLATE utf8mb4_general_ci DEFAULT NULL COMMENT 'å…¶å®ƒç”Ÿæˆé€‰é¡¹',
  `create_by` varchar(64) COLLATE utf8mb4_general_ci DEFAULT '' COMMENT 'åˆ›å»ºè€…',
  `create_time` datetime DEFAULT NULL COMMENT 'åˆ›å»ºæ—¶é—´',
  `update_by` varchar(64) COLLATE utf8mb4_general_ci DEFAULT '' COMMENT 'æ›´æ–°è€…',
  `update_time` datetime DEFAULT NULL COMMENT 'æ›´æ–°æ—¶é—´',
  `remark` varchar(500) COLLATE utf8mb4_general_ci DEFAULT NULL COMMENT 'å¤‡æ³¨',
  PRIMARY KEY (`table_id`)
) ENGINE=InnoDB AUTO_INCREMENT=8 DEFAULT CHARSET=utf8mb4 COLLATE=utf8mb4_general_ci COMMENT='ä»£ç ç”Ÿæˆä¸šåŠ¡è¡¨';

/*Data for the table `gen_table` */

insert  into `gen_table`(`table_id`,`table_name`,`table_comment`,`sub_table_name`,`sub_table_fk_name`,`class_name`,`tpl_category`,`package_name`,`module_name`,`business_name`,`function_name`,`function_author`,`gen_type`,`gen_path`,`options`,`create_by`,`create_time`,`update_by`,`update_time`,`remark`) values 
(1,'multhelp_account','aa',NULL,NULL,'MulthelpAccount','crud','com.ruoyi.system','system','account','a','ruoyi','0','/','{\"parentMenuId\":2000}','admin','2021-05-26 16:16:43','','2021-05-26 16:18:41',NULL),
(2,'multhelp_chat','c',NULL,NULL,'MulthelpChat','crud','com.ruoyi.system','system','chat','c','ruoyi','0','/','{\"parentMenuId\":2000}','admin','2021-05-26 16:16:43','','2021-05-26 16:20:05',NULL),
(3,'multhelp_chatandcontent','c',NULL,NULL,'MulthelpChatandcontent','crud','com.ruoyi.system','system','chatandcontent','cc','ruoyi','0','/','{\"parentMenuId\":2000}','admin','2021-05-26 16:16:43','','2021-05-26 16:20:21',NULL),
(4,'multhelp_content','cc',NULL,NULL,'MulthelpContent','crud','com.ruoyi.system','system','content','cc','ruoyi','0','/','{\"parentMenuId\":2000}','admin','2021-05-26 16:16:43','','2021-05-26 16:20:31',NULL),
(5,'multhelp_login','c',NULL,NULL,'MulthelpLogin','crud','com.ruoyi.system','system','login','cc','ruoyi','0','/','{\"parentMenuId\":2000}','admin','2021-05-26 16:16:43','','2021-05-26 16:20:43',NULL),
(6,'multhelp_message','c',NULL,NULL,'MulthelpMessage','crud','com.ruoyi.system','system','message','c','ruoyi','0','/','{\"parentMenuId\":2000}','admin','2021-05-26 16:16:43','','2021-05-26 16:20:52',NULL),
(7,'multhelp_post','s',NULL,NULL,'MulthelpPost','crud','com.ruoyi.system','system','post','s','ruoyi','0','/','{\"parentMenuId\":2000}','admin','2021-05-26 16:16:43','','2021-05-26 16:21:03',NULL);

/*Table structure for table `gen_table_column` */

DROP TABLE IF EXISTS `gen_table_column`;

CREATE TABLE `gen_table_column` (
  `column_id` bigint NOT NULL AUTO_INCREMENT COMMENT 'ç¼–å·',
  `table_id` varchar(64) COLLATE utf8mb4_general_ci DEFAULT NULL COMMENT 'å½’å±è¡¨ç¼–å·',
  `column_name` varchar(200) COLLATE utf8mb4_general_ci DEFAULT NULL COMMENT 'åˆ—åç§°',
  `column_comment` varchar(500) COLLATE utf8mb4_general_ci DEFAULT NULL COMMENT 'åˆ—æè¿°',
  `column_type` varchar(100) COLLATE utf8mb4_general_ci DEFAULT NULL COMMENT 'åˆ—ç±»å‹',
  `java_type` varchar(500) COLLATE utf8mb4_general_ci DEFAULT NULL COMMENT 'JAVAç±»å‹',
  `java_field` varchar(200) COLLATE utf8mb4_general_ci DEFAULT NULL COMMENT 'JAVAå­—æ®µå',
  `is_pk` char(1) COLLATE utf8mb4_general_ci DEFAULT NULL COMMENT 'æ˜¯å¦ä¸»é”®ï¼ˆ1æ˜¯ï¼‰',
  `is_increment` char(1) COLLATE utf8mb4_general_ci DEFAULT NULL COMMENT 'æ˜¯å¦è‡ªå¢ï¼ˆ1æ˜¯ï¼‰',
  `is_required` char(1) COLLATE utf8mb4_general_ci DEFAULT NULL COMMENT 'æ˜¯å¦å¿…å¡«ï¼ˆ1æ˜¯ï¼‰',
  `is_insert` char(1) COLLATE utf8mb4_general_ci DEFAULT NULL COMMENT 'æ˜¯å¦ä¸ºæ’å…¥å­—æ®µï¼ˆ1æ˜¯ï¼‰',
  `is_edit` char(1) COLLATE utf8mb4_general_ci DEFAULT NULL COMMENT 'æ˜¯å¦ç¼–è¾‘å­—æ®µï¼ˆ1æ˜¯ï¼‰',
  `is_list` char(1) COLLATE utf8mb4_general_ci DEFAULT NULL COMMENT 'æ˜¯å¦åˆ—è¡¨å­—æ®µï¼ˆ1æ˜¯ï¼‰',
  `is_query` char(1) COLLATE utf8mb4_general_ci DEFAULT NULL COMMENT 'æ˜¯å¦æŸ¥è¯¢å­—æ®µï¼ˆ1æ˜¯ï¼‰',
  `query_type` varchar(200) COLLATE utf8mb4_general_ci DEFAULT 'EQ' COMMENT 'æŸ¥è¯¢æ–¹å¼ï¼ˆç­‰äºã€ä¸ç­‰äºã€å¤§äºã€å°äºã€èŒƒå›´ï¼‰',
  `html_type` varchar(200) COLLATE utf8mb4_general_ci DEFAULT NULL COMMENT 'æ˜¾ç¤ºç±»å‹ï¼ˆæ–‡æœ¬æ¡†ã€æ–‡æœ¬åŸŸã€ä¸‹æ‹‰æ¡†ã€å¤é€‰æ¡†ã€å•é€‰æ¡†ã€æ—¥æœŸæ§ä»¶ï¼‰',
  `dict_type` varchar(200) COLLATE utf8mb4_general_ci DEFAULT '' COMMENT 'å­—å…¸ç±»å‹',
  `sort` int DEFAULT NULL COMMENT 'æ’åº',
  `create_by` varchar(64) COLLATE utf8mb4_general_ci DEFAULT '' COMMENT 'åˆ›å»ºè€…',
  `create_time` datetime DEFAULT NULL COMMENT 'åˆ›å»ºæ—¶é—´',
  `update_by` varchar(64) COLLATE utf8mb4_general_ci DEFAULT '' COMMENT 'æ›´æ–°è€…',
  `update_time` datetime DEFAULT NULL COMMENT 'æ›´æ–°æ—¶é—´',
  PRIMARY KEY (`column_id`)
) ENGINE=InnoDB AUTO_INCREMENT=41 DEFAULT CHARSET=utf8mb4 COLLATE=utf8mb4_general_ci COMMENT='ä»£ç ç”Ÿæˆä¸šåŠ¡è¡¨å­—æ®µ';

/*Data for the table `gen_table_column` */

insert  into `gen_table_column`(`column_id`,`table_id`,`column_name`,`column_comment`,`column_type`,`java_type`,`java_field`,`is_pk`,`is_increment`,`is_required`,`is_insert`,`is_edit`,`is_list`,`is_query`,`query_type`,`html_type`,`dict_type`,`sort`,`create_by`,`create_time`,`update_by`,`update_time`) values 
(1,'1','openid','å¾®ä¿¡ç»™çš„è´¦æˆ·id','varchar(128)','String','openid','1','0',NULL,'1',NULL,NULL,NULL,'EQ','input','',1,'admin','2021-05-26 16:16:43','','2021-05-26 16:18:41'),
(2,'1','nickname','æ˜µç§°','varchar(50)','String','nickname','0','0',NULL,'1','1','1','1','LIKE','input','',2,'admin','2021-05-26 16:16:43','','2021-05-26 16:18:41'),
(3,'1','avatarurl','å¤´åƒåœ°å€','varchar(255)','String','avatarurl','0','0',NULL,'1','1','1','1','EQ','input','',3,'admin','2021-05-26 16:16:43','','2021-05-26 16:18:41'),
(4,'1','gender','æ€§åˆ«','tinyint','Long','gender','0','0',NULL,'1','1','1','1','EQ','input','',4,'admin','2021-05-26 16:16:43','','2021-05-26 16:18:41'),
(5,'1','language','è¯­è¨€','varchar(50)','String','language','0','0',NULL,'1','1','1','1','EQ','input','',5,'admin','2021-05-26 16:16:43','','2021-05-26 16:18:41'),
(6,'1','city','åŸå¸‚','varchar(50)','String','city','0','0',NULL,'1','1','1','1','EQ','input','',6,'admin','2021-05-26 16:16:43','','2021-05-26 16:18:41'),
(7,'1','province','çœä»½','varchar(50)','String','province','0','0',NULL,'1','1','1','1','EQ','input','',7,'admin','2021-05-26 16:16:43','','2021-05-26 16:18:41'),
(8,'1','country','å›½å®¶','varchar(50)','String','country','0','0',NULL,'1','1','1','1','EQ','input','',8,'admin','2021-05-26 16:16:43','','2021-05-26 16:18:41'),
(9,'2','chatid','èŠå¤©id','bigint(20) unsigned zerofill','Long','chatid','1','1',NULL,'1',NULL,NULL,NULL,'EQ','input','',1,'admin','2021-05-26 16:16:43','','2021-05-26 16:20:05'),
(10,'2','initiator_openid','å‘èµ·è€…','varchar(128)','String','initiatorOpenid','0','0',NULL,'1','1','1','1','EQ','input','',2,'admin','2021-05-26 16:16:43','','2021-05-26 16:20:05'),
(11,'2','invitee_openid','å—é‚€è€…','varchar(128)','String','inviteeOpenid','0','0',NULL,'1','1','1','1','EQ','input','',3,'admin','2021-05-26 16:16:43','','2021-05-26 16:20:05'),
(12,'2','create_time','åˆ›å»ºæ—¶é—´','timestamp','Date','createTime','0','0',NULL,'1',NULL,NULL,NULL,'EQ','datetime','',4,'admin','2021-05-26 16:16:43','','2021-05-26 16:20:05'),
(13,'3','chatid','èŠå¤©id','bigint','Long','chatid','0','0',NULL,'1','1','1','1','EQ','input','',1,'admin','2021-05-26 16:16:43','','2021-05-26 16:20:21'),
(14,'3','contentid','èŠå¤©å†…å®¹id','bigint','Long','contentid','0','0',NULL,'1','1','1','1','EQ','input','',2,'admin','2021-05-26 16:16:43','','2021-05-26 16:20:21'),
(15,'4','contentid','å†…å®¹id','bigint(20) unsigned zerofill','Long','contentid','1','1',NULL,'1',NULL,NULL,NULL,'EQ','input','',1,'admin','2021-05-26 16:16:43','','2021-05-26 16:20:31'),
(16,'4','send_openid','å‘é€è€…id','varchar(128)','String','sendOpenid','0','0',NULL,'1','1','1','1','EQ','input','',2,'admin','2021-05-26 16:16:43','','2021-05-26 16:20:31'),
(17,'4','receive_openid','æ¥æ”¶è€…id','varchar(128)','String','receiveOpenid','0','0',NULL,'1','1','1','1','EQ','input','',3,'admin','2021-05-26 16:16:43','','2021-05-26 16:20:31'),
(18,'4','sender','å‘é€äºº','varchar(128)','String','sender','0','0',NULL,'1','1','1','1','EQ','input','',4,'admin','2021-05-26 16:16:43','','2021-05-26 16:20:31'),
(19,'4','content','å†…å®¹','varchar(128)','String','content','0','0',NULL,'1','1','1','1','EQ','editor','',5,'admin','2021-05-26 16:16:43','','2021-05-26 16:20:31'),
(20,'4','is_read','å·²è¯»','tinyint(1)','Integer','isRead','0','0',NULL,'1','1','1','1','EQ','input','',6,'admin','2021-05-26 16:16:43','','2021-05-26 16:20:31'),
(21,'4','create_time','åˆ›å»ºæ—¶é—´','timestamp','Date','createTime','0','0',NULL,'1',NULL,NULL,NULL,'EQ','datetime','',7,'admin','2021-05-26 16:16:43','','2021-05-26 16:20:31'),
(22,'5','session_3rd','æœåŠ¡å™¨ç»™çš„ä¸´æ—¶éªŒè¯','varchar(255)','String','session3rd','1','0',NULL,'1',NULL,NULL,NULL,'EQ','input','',1,'admin','2021-05-26 16:16:43','','2021-05-26 16:20:43'),
(23,'5','openid','å¾®ä¿¡ç»™çš„id','varchar(255)','String','openid','0','0',NULL,'1','1','1','1','EQ','input','',2,'admin','2021-05-26 16:16:43','','2021-05-26 16:20:43'),
(24,'5','session_key','å¾®ä¿¡ç»™çš„ä¼šè¯key','varchar(255)','String','sessionKey','0','0',NULL,'1','1','1','1','EQ','input','',3,'admin','2021-05-26 16:16:43','','2021-05-26 16:20:43'),
(25,'5','create_time','åˆ›å»ºæ—¶é—´','timestamp','Date','createTime','0','0',NULL,'1',NULL,NULL,NULL,'EQ','datetime','',4,'admin','2021-05-26 16:16:43','','2021-05-26 16:20:43'),
(26,'6','chatid','èŠå¤©id','bigint','Long','chatid','0','0',NULL,'1','1','1','1','EQ','input','',1,'admin','2021-05-26 16:16:43','','2021-05-26 16:20:52'),
(27,'6','last_contentid','æœ€è¿‘çš„èŠå¤©å†…å®¹id','bigint','Long','lastContentid','0','0',NULL,'1','1','1','1','EQ','input','',2,'admin','2021-05-26 16:16:43','','2021-05-26 16:20:52'),
(28,'7','postid','å‘å¸ƒå¸®åŠ©id','bigint(10) unsigned zerofill','Integer','postid','1','1',NULL,'1',NULL,NULL,NULL,'EQ','input','',1,'admin','2021-05-26 16:16:43','','2021-05-26 16:21:03'),
(29,'7','publish_openid','å‘å¸ƒäººid','varchar(255)','String','publishOpenid','0','0',NULL,'1','1','1','1','EQ','input','',2,'admin','2021-05-26 16:16:43','','2021-05-26 16:21:03'),
(30,'7','receive_openid','å¸®åŠ©äººid','varchar(255)','String','receiveOpenid','0','0',NULL,'1','1','1','1','EQ','input','',3,'admin','2021-05-26 16:16:43','','2021-05-26 16:21:03'),
(31,'7','tittle','æ ‡é¢˜','varchar(255)','String','tittle','0','0',NULL,'1','1','1','1','EQ','input','',4,'admin','2021-05-26 16:16:43','','2021-05-26 16:21:03'),
(32,'7','detail','è¯¦æƒ…','tinytext','String','detail','0','0',NULL,'1','1','1','1','EQ','textarea','',5,'admin','2021-05-26 16:16:43','','2021-05-26 16:21:03'),
(33,'7','category','ç±»åˆ«','varchar(50)','String','category','0','0',NULL,'1','1','1','1','EQ','input','',6,'admin','2021-05-26 16:16:43','','2021-05-26 16:21:03'),
(34,'7','address','åœ°å€','varchar(255)','String','address','0','0',NULL,'1','1','1','1','EQ','input','',7,'admin','2021-05-26 16:16:43','','2021-05-26 16:21:03'),
(35,'7','price','ä»·æ ¼','varchar(50)','String','price','0','0',NULL,'1','1','1','1','EQ','input','',8,'admin','2021-05-26 16:16:43','','2021-05-26 16:21:03'),
(36,'7','phone','ç”µè¯','varchar(50)','String','phone','0','0',NULL,'1','1','1','1','EQ','input','',9,'admin','2021-05-26 16:16:43','','2021-05-26 16:21:03'),
(37,'7','create_time','åˆ›å»ºæ—¶é—´','timestamp','Date','createTime','0','0',NULL,'1',NULL,NULL,NULL,'EQ','datetime','',10,'admin','2021-05-26 16:16:43','','2021-05-26 16:21:03'),
(38,'7','need_time','éœ€è¦æ—¶é—´','timestamp','Date','needTime','0','0',NULL,'1','1','1','1','EQ','datetime','',11,'admin','2021-05-26 16:16:43','','2021-05-26 16:21:03'),
(39,'7','end_time','è¢«å¸®åŠ©æ—¶é—´','timestamp','Date','endTime','0','0',NULL,'1','1','1','1','EQ','datetime','',12,'admin','2021-05-26 16:16:43','','2021-05-26 16:21:03'),
(40,'7','is_value','æ˜¯å¦å·²ç»è¢«ç»‘ä½','tinyint(1)','Integer','isValue','0','0',NULL,'1','1','1','1','EQ','input','',13,'admin','2021-05-26 16:16:43','','2021-05-26 16:21:03');

/*Table structure for table `multhelp_account` */

DROP TABLE IF EXISTS `multhelp_account`;

CREATE TABLE `multhelp_account` (
  `openid` varchar(128) CHARACTER SET utf8 COLLATE utf8_general_ci NOT NULL DEFAULT '' COMMENT 'å¾®ä¿¡ç»™çš„è´¦æˆ·id',
  `nickname` varchar(50) CHARACTER SET utf8 COLLATE utf8_general_ci DEFAULT '' COMMENT 'æ˜µç§°',
  `avatarurl` varchar(255) CHARACTER SET utf8 COLLATE utf8_general_ci DEFAULT '' COMMENT 'å¤´åƒåœ°å€',
  `gender` tinyint DEFAULT '0' COMMENT 'æ€§åˆ«',
  `language` varchar(50) CHARACTER SET utf8 COLLATE utf8_general_ci DEFAULT '' COMMENT 'è¯­è¨€',
  `city` varchar(50) CHARACTER SET utf8 COLLATE utf8_general_ci DEFAULT '' COMMENT 'åŸå¸‚',
  `province` varchar(50) CHARACTER SET utf8 COLLATE utf8_general_ci DEFAULT '' COMMENT 'çœä»½',
  `country` varchar(50) CHARACTER SET utf8 COLLATE utf8_general_ci DEFAULT '' COMMENT 'å›½å®¶',
  PRIMARY KEY (`openid`)
) ENGINE=InnoDB DEFAULT CHARSET=utf8;

/*Data for the table `multhelp_account` */

/*Table structure for table `multhelp_chat` */

DROP TABLE IF EXISTS `multhelp_chat`;

CREATE TABLE `multhelp_chat` (
  `chatid` bigint(20) unsigned zerofill NOT NULL AUTO_INCREMENT COMMENT 'èŠå¤©id',
  `initiator_openid` varchar(128) CHARACTER SET utf8 COLLATE utf8_general_ci DEFAULT NULL COMMENT 'å‘èµ·è€…',
  `invitee_openid` varchar(128) CHARACTER SET utf8 COLLATE utf8_general_ci DEFAULT NULL COMMENT 'å—é‚€è€…',
  `create_time` timestamp NULL DEFAULT CURRENT_TIMESTAMP COMMENT 'åˆ›å»ºæ—¶é—´',
  PRIMARY KEY (`chatid`)
) ENGINE=InnoDB AUTO_INCREMENT=9 DEFAULT CHARSET=utf8;

/*Data for the table `multhelp_chat` */

/*Table structure for table `multhelp_chatandcontent` */

DROP TABLE IF EXISTS `multhelp_chatandcontent`;

CREATE TABLE `multhelp_chatandcontent` (
  `chatid` bigint DEFAULT NULL COMMENT 'èŠå¤©id',
  `contentid` bigint DEFAULT NULL COMMENT 'èŠå¤©å†…å®¹id'
) ENGINE=InnoDB DEFAULT CHARSET=utf8;

/*Data for the table `multhelp_chatandcontent` */

/*Table structure for table `multhelp_content` */

DROP TABLE IF EXISTS `multhelp_content`;

CREATE TABLE `multhelp_content` (
  `contentid` bigint(20) unsigned zerofill NOT NULL AUTO_INCREMENT COMMENT 'å†…å®¹id',
  `send_openid` varchar(128) CHARACTER SET utf8 COLLATE utf8_general_ci DEFAULT NULL COMMENT 'å‘é€è€…id',
  `receive_openid` varchar(128) CHARACTER SET utf8 COLLATE utf8_general_ci DEFAULT NULL COMMENT 'æ¥æ”¶è€…id',
  `sender` varchar(128) CHARACTER SET utf8 COLLATE utf8_general_ci DEFAULT NULL COMMENT 'å‘é€äºº',
  `content` varchar(128) CHARACTER SET utf8 COLLATE utf8_general_ci DEFAULT NULL COMMENT 'å†…å®¹',
  `is_read` tinyint(1) DEFAULT '0' COMMENT 'å·²è¯»',
  `create_time` timestamp NULL DEFAULT CURRENT_TIMESTAMP COMMENT 'åˆ›å»ºæ—¶é—´',
  PRIMARY KEY (`contentid`)
) ENGINE=InnoDB AUTO_INCREMENT=150 DEFAULT CHARSET=utf8;

/*Data for the table `multhelp_content` */

/*Table structure for table `multhelp_login` */

DROP TABLE IF EXISTS `multhelp_login`;

CREATE TABLE `multhelp_login` (
  `session_3rd` varchar(255) CHARACTER SET utf8 COLLATE utf8_general_ci NOT NULL DEFAULT '' COMMENT 'æœåŠ¡å™¨ç»™çš„ä¸´æ—¶éªŒè¯',
  `openid` varchar(255) CHARACTER SET utf8 COLLATE utf8_general_ci DEFAULT '' COMMENT 'å¾®ä¿¡ç»™çš„id',
  `session_key` varchar(255) CHARACTER SET utf8 COLLATE utf8_general_ci DEFAULT '' COMMENT 'å¾®ä¿¡ç»™çš„ä¼šè¯key',
  `create_time` timestamp NULL DEFAULT CURRENT_TIMESTAMP COMMENT 'åˆ›å»ºæ—¶é—´',
  PRIMARY KEY (`session_3rd`)
) ENGINE=InnoDB DEFAULT CHARSET=utf8;

/*Data for the table `multhelp_login` */

/*Table structure for table `multhelp_message` */

DROP TABLE IF EXISTS `multhelp_message`;

CREATE TABLE `multhelp_message` (
  `chatid` bigint DEFAULT NULL COMMENT 'èŠå¤©id',
  `last_contentid` bigint DEFAULT NULL COMMENT 'æœ€è¿‘çš„èŠå¤©å†…å®¹id'
) ENGINE=InnoDB DEFAULT CHARSET=utf8;

/*Data for the table `multhelp_message` */

/*Table structure for table `multhelp_post` */

DROP TABLE IF EXISTS `multhelp_post`;

CREATE TABLE `multhelp_post` (
  `postid` bigint(10) unsigned zerofill NOT NULL AUTO_INCREMENT COMMENT 'å‘å¸ƒå¸®åŠ©id',
  `publish_openid` varchar(255) CHARACTER SET utf8 COLLATE utf8_general_ci DEFAULT '' COMMENT 'å‘å¸ƒäººid',
  `receive_openid` varchar(255) CHARACTER SET utf8 COLLATE utf8_general_ci DEFAULT '' COMMENT 'å¸®åŠ©äººid',
  `tittle` varchar(255) CHARACTER SET utf8 COLLATE utf8_general_ci DEFAULT '' COMMENT 'æ ‡é¢˜',
  `detail` tinytext CHARACTER SET utf8 COLLATE utf8_general_ci COMMENT 'è¯¦æƒ…',
  `category` varchar(50) CHARACTER SET utf8 COLLATE utf8_general_ci DEFAULT '' COMMENT 'ç±»åˆ«',
  `address` varchar(255) CHARACTER SET utf8 COLLATE utf8_general_ci DEFAULT '' COMMENT 'åœ°å€',
  `price` varchar(50) CHARACTER SET utf8 COLLATE utf8_general_ci DEFAULT '' COMMENT 'ä»·æ ¼',
  `phone` varchar(50) CHARACTER SET utf8 COLLATE utf8_general_ci DEFAULT '' COMMENT 'ç”µè¯',
  `create_time` timestamp NULL DEFAULT CURRENT_TIMESTAMP COMMENT 'åˆ›å»ºæ—¶é—´',
  `need_time` timestamp NULL DEFAULT NULL COMMENT 'éœ€è¦æ—¶é—´',
  `end_time` timestamp NULL DEFAULT NULL COMMENT 'è¢«å¸®åŠ©æ—¶é—´',
  `is_value` tinyint(1) DEFAULT '1' COMMENT 'æ˜¯å¦å·²ç»è¢«ç»‘ä½',
  PRIMARY KEY (`postid`),
  FULLTEXT KEY `ft_index` (`tittle`,`detail`,`address`) /*!50100 WITH PARSER `ngram` */ 
) ENGINE=InnoDB AUTO_INCREMENT=37 DEFAULT CHARSET=utf8;

/*Data for the table `multhelp_post` */

/*Table structure for table `qrtz_blob_triggers` */

DROP TABLE IF EXISTS `qrtz_blob_triggers`;

CREATE TABLE `qrtz_blob_triggers` (
  `sched_name` varchar(120) COLLATE utf8mb4_general_ci NOT NULL,
  `trigger_name` varchar(200) COLLATE utf8mb4_general_ci NOT NULL,
  `trigger_group` varchar(200) COLLATE utf8mb4_general_ci NOT NULL,
  `blob_data` blob,
  PRIMARY KEY (`sched_name`,`trigger_name`,`trigger_group`),
  CONSTRAINT `qrtz_blob_triggers_ibfk_1` FOREIGN KEY (`sched_name`, `trigger_name`, `trigger_group`) REFERENCES `qrtz_triggers` (`sched_name`, `trigger_name`, `trigger_group`)
) ENGINE=InnoDB DEFAULT CHARSET=utf8mb4 COLLATE=utf8mb4_general_ci;

/*Data for the table `qrtz_blob_triggers` */

/*Table structure for table `qrtz_calendars` */

DROP TABLE IF EXISTS `qrtz_calendars`;

CREATE TABLE `qrtz_calendars` (
  `sched_name` varchar(120) COLLATE utf8mb4_general_ci NOT NULL,
  `calendar_name` varchar(200) COLLATE utf8mb4_general_ci NOT NULL,
  `calendar` blob NOT NULL,
  PRIMARY KEY (`sched_name`,`calendar_name`)
) ENGINE=InnoDB DEFAULT CHARSET=utf8mb4 COLLATE=utf8mb4_general_ci;

/*Data for the table `qrtz_calendars` */

/*Table structure for table `qrtz_cron_triggers` */

DROP TABLE IF EXISTS `qrtz_cron_triggers`;

CREATE TABLE `qrtz_cron_triggers` (
  `sched_name` varchar(120) COLLATE utf8mb4_general_ci NOT NULL,
  `trigger_name` varchar(200) COLLATE utf8mb4_general_ci NOT NULL,
  `trigger_group` varchar(200) COLLATE utf8mb4_general_ci NOT NULL,
  `cron_expression` varchar(200) COLLATE utf8mb4_general_ci NOT NULL,
  `time_zone_id` varchar(80) COLLATE utf8mb4_general_ci DEFAULT NULL,
  PRIMARY KEY (`sched_name`,`trigger_name`,`trigger_group`),
  CONSTRAINT `qrtz_cron_triggers_ibfk_1` FOREIGN KEY (`sched_name`, `trigger_name`, `trigger_group`) REFERENCES `qrtz_triggers` (`sched_name`, `trigger_name`, `trigger_group`)
) ENGINE=InnoDB DEFAULT CHARSET=utf8mb4 COLLATE=utf8mb4_general_ci;

/*Data for the table `qrtz_cron_triggers` */

insert  into `qrtz_cron_triggers`(`sched_name`,`trigger_name`,`trigger_group`,`cron_expression`,`time_zone_id`) values 
('RuoyiScheduler','TASK_CLASS_NAME1','DEFAULT','0/10 * * * * ?','GMT+08:00'),
('RuoyiScheduler','TASK_CLASS_NAME2','DEFAULT','0/15 * * * * ?','GMT+08:00'),
('RuoyiScheduler','TASK_CLASS_NAME3','DEFAULT','0/20 * * * * ?','GMT+08:00');

/*Table structure for table `qrtz_fired_triggers` */

DROP TABLE IF EXISTS `qrtz_fired_triggers`;

CREATE TABLE `qrtz_fired_triggers` (
  `sched_name` varchar(120) COLLATE utf8mb4_general_ci NOT NULL,
  `entry_id` varchar(95) COLLATE utf8mb4_general_ci NOT NULL,
  `trigger_name` varchar(200) COLLATE utf8mb4_general_ci NOT NULL,
  `trigger_group` varchar(200) COLLATE utf8mb4_general_ci NOT NULL,
  `instance_name` varchar(200) COLLATE utf8mb4_general_ci NOT NULL,
  `fired_time` bigint NOT NULL,
  `sched_time` bigint NOT NULL,
  `priority` int NOT NULL,
  `state` varchar(16) COLLATE utf8mb4_general_ci NOT NULL,
  `job_name` varchar(200) COLLATE utf8mb4_general_ci DEFAULT NULL,
  `job_group` varchar(200) COLLATE utf8mb4_general_ci DEFAULT NULL,
  `is_nonconcurrent` varchar(1) COLLATE utf8mb4_general_ci DEFAULT NULL,
  `requests_recovery` varchar(1) COLLATE utf8mb4_general_ci DEFAULT NULL,
  PRIMARY KEY (`sched_name`,`entry_id`)
) ENGINE=InnoDB DEFAULT CHARSET=utf8mb4 COLLATE=utf8mb4_general_ci;

/*Data for the table `qrtz_fired_triggers` */

/*Table structure for table `qrtz_job_details` */

DROP TABLE IF EXISTS `qrtz_job_details`;

CREATE TABLE `qrtz_job_details` (
  `sched_name` varchar(120) COLLATE utf8mb4_general_ci NOT NULL,
  `job_name` varchar(200) COLLATE utf8mb4_general_ci NOT NULL,
  `job_group` varchar(200) COLLATE utf8mb4_general_ci NOT NULL,
  `description` varchar(250) COLLATE utf8mb4_general_ci DEFAULT NULL,
  `job_class_name` varchar(250) COLLATE utf8mb4_general_ci NOT NULL,
  `is_durable` varchar(1) COLLATE utf8mb4_general_ci NOT NULL,
  `is_nonconcurrent` varchar(1) COLLATE utf8mb4_general_ci NOT NULL,
  `is_update_data` varchar(1) COLLATE utf8mb4_general_ci NOT NULL,
  `requests_recovery` varchar(1) COLLATE utf8mb4_general_ci NOT NULL,
  `job_data` blob,
  PRIMARY KEY (`sched_name`,`job_name`,`job_group`)
) ENGINE=InnoDB DEFAULT CHARSET=utf8mb4 COLLATE=utf8mb4_general_ci;

/*Data for the table `qrtz_job_details` */

insert  into `qrtz_job_details`(`sched_name`,`job_name`,`job_group`,`description`,`job_class_name`,`is_durable`,`is_nonconcurrent`,`is_update_data`,`requests_recovery`,`job_data`) values 
('RuoyiScheduler','TASK_CLASS_NAME1','DEFAULT',NULL,'com.ruoyi.quartz.util.QuartzDisallowConcurrentExecution','0','1','0','0','¬í\0sr\0org.quartz.JobDataMapŸ°ƒè¿©°Ë\0\0xr\0&org.quartz.utils.StringKeyDirtyFlagMap‚èÃûÅ](\0Z\0allowsTransientDataxr\0org.quartz.utils.DirtyFlagMapæ.­(v\nÎ\0Z\0dirtyL\0mapt\0Ljava/util/Map;xpsr\0java.util.HashMapÚÁÃ`Ñ\0F\0\nloadFactorI\0	thresholdxp?@\0\0\0\0\0w\0\0\0\0\0\0t\0TASK_PROPERTIESsr\0com.ruoyi.quartz.domain.SysJob\0\0\0\0\0\0\0\0L\0\nconcurrentt\0Ljava/lang/String;L\0cronExpressionq\0~\0	L\0invokeTargetq\0~\0	L\0jobGroupq\0~\0	L\0jobIdt\0Ljava/lang/Long;L\0jobNameq\0~\0	L\0\rmisfirePolicyq\0~\0	L\0statusq\0~\0	xr\0\'com.ruoyi.common.core.domain.BaseEntity\0\0\0\0\0\0\0\0L\0createByq\0~\0	L\0\ncreateTimet\0Ljava/util/Date;L\0paramsq\0~\0L\0remarkq\0~\0	L\0searchValueq\0~\0	L\0updateByq\0~\0	L\0\nupdateTimeq\0~\0xpt\0adminsr\0java.util.DatehjKYt\0\0xpw\0\0y§°¸xpt\0\0pppt\01t\00/10 * * * * ?t\0ryTask.ryNoParamst\0DEFAULTsr\0java.lang.Long;‹äÌ#ß\0J\0valuexr\0java.lang.Number†¬•”à‹\0\0xp\0\0\0\0\0\0\0t\0ç³»ç»Ÿé»˜è®¤ï¼ˆæ— å‚ï¼‰t\03t\01x\0'),
('RuoyiScheduler','TASK_CLASS_NAME2','DEFAULT',NULL,'com.ruoyi.quartz.util.QuartzDisallowConcurrentExecution','0','1','0','0','¬í\0sr\0org.quartz.JobDataMapŸ°ƒè¿©°Ë\0\0xr\0&org.quartz.utils.StringKeyDirtyFlagMap‚èÃûÅ](\0Z\0allowsTransientDataxr\0org.quartz.utils.DirtyFlagMapæ.­(v\nÎ\0Z\0dirtyL\0mapt\0Ljava/util/Map;xpsr\0java.util.HashMapÚÁÃ`Ñ\0F\0\nloadFactorI\0	thresholdxp?@\0\0\0\0\0w\0\0\0\0\0\0t\0TASK_PROPERTIESsr\0com.ruoyi.quartz.domain.SysJob\0\0\0\0\0\0\0\0L\0\nconcurrentt\0Ljava/lang/String;L\0cronExpressionq\0~\0	L\0invokeTargetq\0~\0	L\0jobGroupq\0~\0	L\0jobIdt\0Ljava/lang/Long;L\0jobNameq\0~\0	L\0\rmisfirePolicyq\0~\0	L\0statusq\0~\0	xr\0\'com.ruoyi.common.core.domain.BaseEntity\0\0\0\0\0\0\0\0L\0createByq\0~\0	L\0\ncreateTimet\0Ljava/util/Date;L\0paramsq\0~\0L\0remarkq\0~\0	L\0searchValueq\0~\0	L\0updateByq\0~\0	L\0\nupdateTimeq\0~\0xpt\0adminsr\0java.util.DatehjKYt\0\0xpw\0\0y§°¸xpt\0\0pppt\01t\00/15 * * * * ?t\0ryTask.ryParams(\'ry\')t\0DEFAULTsr\0java.lang.Long;‹äÌ#ß\0J\0valuexr\0java.lang.Number†¬•”à‹\0\0xp\0\0\0\0\0\0\0t\0ç³»ç»Ÿé»˜è®¤ï¼ˆæœ‰å‚ï¼‰t\03t\01x\0'),
('RuoyiScheduler','TASK_CLASS_NAME3','DEFAULT',NULL,'com.ruoyi.quartz.util.QuartzDisallowConcurrentExecution','0','1','0','0','¬í\0sr\0org.quartz.JobDataMapŸ°ƒè¿©°Ë\0\0xr\0&org.quartz.utils.StringKeyDirtyFlagMap‚èÃûÅ](\0Z\0allowsTransientDataxr\0org.quartz.utils.DirtyFlagMapæ.­(v\nÎ\0Z\0dirtyL\0mapt\0Ljava/util/Map;xpsr\0java.util.HashMapÚÁÃ`Ñ\0F\0\nloadFactorI\0	thresholdxp?@\0\0\0\0\0w\0\0\0\0\0\0t\0TASK_PROPERTIESsr\0com.ruoyi.quartz.domain.SysJob\0\0\0\0\0\0\0\0L\0\nconcurrentt\0Ljava/lang/String;L\0cronExpressionq\0~\0	L\0invokeTargetq\0~\0	L\0jobGroupq\0~\0	L\0jobIdt\0Ljava/lang/Long;L\0jobNameq\0~\0	L\0\rmisfirePolicyq\0~\0	L\0statusq\0~\0	xr\0\'com.ruoyi.common.core.domain.BaseEntity\0\0\0\0\0\0\0\0L\0createByq\0~\0	L\0\ncreateTimet\0Ljava/util/Date;L\0paramsq\0~\0L\0remarkq\0~\0	L\0searchValueq\0~\0	L\0updateByq\0~\0	L\0\nupdateTimeq\0~\0xpt\0adminsr\0java.util.DatehjKYt\0\0xpw\0\0y§°¸xpt\0\0pppt\01t\00/20 * * * * ?t\08ryTask.ryMultipleParams(\'ry\', true, 2000L, 316.50D, 100)t\0DEFAULTsr\0java.lang.Long;‹äÌ#ß\0J\0valuexr\0java.lang.Number†¬•”à‹\0\0xp\0\0\0\0\0\0\0t\0ç³»ç»Ÿé»˜è®¤ï¼ˆå¤šå‚ï¼‰t\03t\01x\0');

/*Table structure for table `qrtz_locks` */

DROP TABLE IF EXISTS `qrtz_locks`;

CREATE TABLE `qrtz_locks` (
  `sched_name` varchar(120) COLLATE utf8mb4_general_ci NOT NULL,
  `lock_name` varchar(40) COLLATE utf8mb4_general_ci NOT NULL,
  PRIMARY KEY (`sched_name`,`lock_name`)
) ENGINE=InnoDB DEFAULT CHARSET=utf8mb4 COLLATE=utf8mb4_general_ci;

/*Data for the table `qrtz_locks` */

insert  into `qrtz_locks`(`sched_name`,`lock_name`) values 
('RuoyiScheduler','STATE_ACCESS'),
('RuoyiScheduler','TRIGGER_ACCESS');

/*Table structure for table `qrtz_paused_trigger_grps` */

DROP TABLE IF EXISTS `qrtz_paused_trigger_grps`;

CREATE TABLE `qrtz_paused_trigger_grps` (
  `sched_name` varchar(120) COLLATE utf8mb4_general_ci NOT NULL,
  `trigger_group` varchar(200) COLLATE utf8mb4_general_ci NOT NULL,
  PRIMARY KEY (`sched_name`,`trigger_group`)
) ENGINE=InnoDB DEFAULT CHARSET=utf8mb4 COLLATE=utf8mb4_general_ci;

/*Data for the table `qrtz_paused_trigger_grps` */

/*Table structure for table `qrtz_scheduler_state` */

DROP TABLE IF EXISTS `qrtz_scheduler_state`;

CREATE TABLE `qrtz_scheduler_state` (
  `sched_name` varchar(120) COLLATE utf8mb4_general_ci NOT NULL,
  `instance_name` varchar(200) COLLATE utf8mb4_general_ci NOT NULL,
  `last_checkin_time` bigint NOT NULL,
  `checkin_interval` bigint NOT NULL,
  PRIMARY KEY (`sched_name`,`instance_name`)
) ENGINE=InnoDB DEFAULT CHARSET=utf8mb4 COLLATE=utf8mb4_general_ci;

/*Data for the table `qrtz_scheduler_state` */

insert  into `qrtz_scheduler_state`(`sched_name`,`instance_name`,`last_checkin_time`,`checkin_interval`) values 
('RuoyiScheduler','msi1622016973818',1622017353025,15000);

/*Table structure for table `qrtz_simple_triggers` */

DROP TABLE IF EXISTS `qrtz_simple_triggers`;

CREATE TABLE `qrtz_simple_triggers` (
  `sched_name` varchar(120) COLLATE utf8mb4_general_ci NOT NULL,
  `trigger_name` varchar(200) COLLATE utf8mb4_general_ci NOT NULL,
  `trigger_group` varchar(200) COLLATE utf8mb4_general_ci NOT NULL,
  `repeat_count` bigint NOT NULL,
  `repeat_interval` bigint NOT NULL,
  `times_triggered` bigint NOT NULL,
  PRIMARY KEY (`sched_name`,`trigger_name`,`trigger_group`),
  CONSTRAINT `qrtz_simple_triggers_ibfk_1` FOREIGN KEY (`sched_name`, `trigger_name`, `trigger_group`) REFERENCES `qrtz_triggers` (`sched_name`, `trigger_name`, `trigger_group`)
) ENGINE=InnoDB DEFAULT CHARSET=utf8mb4 COLLATE=utf8mb4_general_ci;

/*Data for the table `qrtz_simple_triggers` */

/*Table structure for table `qrtz_simprop_triggers` */

DROP TABLE IF EXISTS `qrtz_simprop_triggers`;

CREATE TABLE `qrtz_simprop_triggers` (
  `sched_name` varchar(120) COLLATE utf8mb4_general_ci NOT NULL,
  `trigger_name` varchar(200) COLLATE utf8mb4_general_ci NOT NULL,
  `trigger_group` varchar(200) COLLATE utf8mb4_general_ci NOT NULL,
  `str_prop_1` varchar(512) COLLATE utf8mb4_general_ci DEFAULT NULL,
  `str_prop_2` varchar(512) COLLATE utf8mb4_general_ci DEFAULT NULL,
  `str_prop_3` varchar(512) COLLATE utf8mb4_general_ci DEFAULT NULL,
  `int_prop_1` int DEFAULT NULL,
  `int_prop_2` int DEFAULT NULL,
  `long_prop_1` bigint DEFAULT NULL,
  `long_prop_2` bigint DEFAULT NULL,
  `dec_prop_1` decimal(13,4) DEFAULT NULL,
  `dec_prop_2` decimal(13,4) DEFAULT NULL,
  `bool_prop_1` varchar(1) COLLATE utf8mb4_general_ci DEFAULT NULL,
  `bool_prop_2` varchar(1) COLLATE utf8mb4_general_ci DEFAULT NULL,
  PRIMARY KEY (`sched_name`,`trigger_name`,`trigger_group`),
  CONSTRAINT `qrtz_simprop_triggers_ibfk_1` FOREIGN KEY (`sched_name`, `trigger_name`, `trigger_group`) REFERENCES `qrtz_triggers` (`sched_name`, `trigger_name`, `trigger_group`)
) ENGINE=InnoDB DEFAULT CHARSET=utf8mb4 COLLATE=utf8mb4_general_ci;

/*Data for the table `qrtz_simprop_triggers` */

/*Table structure for table `qrtz_triggers` */

DROP TABLE IF EXISTS `qrtz_triggers`;

CREATE TABLE `qrtz_triggers` (
  `sched_name` varchar(120) COLLATE utf8mb4_general_ci NOT NULL,
  `trigger_name` varchar(200) COLLATE utf8mb4_general_ci NOT NULL,
  `trigger_group` varchar(200) COLLATE utf8mb4_general_ci NOT NULL,
  `job_name` varchar(200) COLLATE utf8mb4_general_ci NOT NULL,
  `job_group` varchar(200) COLLATE utf8mb4_general_ci NOT NULL,
  `description` varchar(250) COLLATE utf8mb4_general_ci DEFAULT NULL,
  `next_fire_time` bigint DEFAULT NULL,
  `prev_fire_time` bigint DEFAULT NULL,
  `priority` int DEFAULT NULL,
  `trigger_state` varchar(16) COLLATE utf8mb4_general_ci NOT NULL,
  `trigger_type` varchar(8) COLLATE utf8mb4_general_ci NOT NULL,
  `start_time` bigint NOT NULL,
  `end_time` bigint DEFAULT NULL,
  `calendar_name` varchar(200) COLLATE utf8mb4_general_ci DEFAULT NULL,
  `misfire_instr` smallint DEFAULT NULL,
  `job_data` blob,
  PRIMARY KEY (`sched_name`,`trigger_name`,`trigger_group`),
  KEY `sched_name` (`sched_name`,`job_name`,`job_group`),
  CONSTRAINT `qrtz_triggers_ibfk_1` FOREIGN KEY (`sched_name`, `job_name`, `job_group`) REFERENCES `qrtz_job_details` (`sched_name`, `job_name`, `job_group`)
) ENGINE=InnoDB DEFAULT CHARSET=utf8mb4 COLLATE=utf8mb4_general_ci;

/*Data for the table `qrtz_triggers` */

insert  into `qrtz_triggers`(`sched_name`,`trigger_name`,`trigger_group`,`job_name`,`job_group`,`description`,`next_fire_time`,`prev_fire_time`,`priority`,`trigger_state`,`trigger_type`,`start_time`,`end_time`,`calendar_name`,`misfire_instr`,`job_data`) values 
('RuoyiScheduler','TASK_CLASS_NAME1','DEFAULT','TASK_CLASS_NAME1','DEFAULT',NULL,1622016980000,-1,5,'PAUSED','CRON',1622016974000,0,NULL,2,''),
('RuoyiScheduler','TASK_CLASS_NAME2','DEFAULT','TASK_CLASS_NAME2','DEFAULT',NULL,1622016975000,-1,5,'PAUSED','CRON',1622016974000,0,NULL,2,''),
('RuoyiScheduler','TASK_CLASS_NAME3','DEFAULT','TASK_CLASS_NAME3','DEFAULT',NULL,1622016980000,-1,5,'PAUSED','CRON',1622016974000,0,NULL,2,'');

/*Table structure for table `sys_config` */

DROP TABLE IF EXISTS `sys_config`;

CREATE TABLE `sys_config` (
  `config_id` int NOT NULL AUTO_INCREMENT COMMENT 'å‚æ•°ä¸»é”®',
  `config_name` varchar(100) COLLATE utf8mb4_general_ci DEFAULT '' COMMENT 'å‚æ•°åç§°',
  `config_key` varchar(100) COLLATE utf8mb4_general_ci DEFAULT '' COMMENT 'å‚æ•°é”®å',
  `config_value` varchar(500) COLLATE utf8mb4_general_ci DEFAULT '' COMMENT 'å‚æ•°é”®å€¼',
  `config_type` char(1) COLLATE utf8mb4_general_ci DEFAULT 'N' COMMENT 'ç³»ç»Ÿå†…ç½®ï¼ˆYæ˜¯ Nå¦ï¼‰',
  `create_by` varchar(64) COLLATE utf8mb4_general_ci DEFAULT '' COMMENT 'åˆ›å»ºè€…',
  `create_time` datetime DEFAULT NULL COMMENT 'åˆ›å»ºæ—¶é—´',
  `update_by` varchar(64) COLLATE utf8mb4_general_ci DEFAULT '' COMMENT 'æ›´æ–°è€…',
  `update_time` datetime DEFAULT NULL COMMENT 'æ›´æ–°æ—¶é—´',
  `remark` varchar(500) COLLATE utf8mb4_general_ci DEFAULT NULL COMMENT 'å¤‡æ³¨',
  PRIMARY KEY (`config_id`)
) ENGINE=InnoDB AUTO_INCREMENT=100 DEFAULT CHARSET=utf8mb4 COLLATE=utf8mb4_general_ci COMMENT='å‚æ•°é…ç½®è¡¨';

/*Data for the table `sys_config` */

insert  into `sys_config`(`config_id`,`config_name`,`config_key`,`config_value`,`config_type`,`create_by`,`create_time`,`update_by`,`update_time`,`remark`) values 
(1,'ä¸»æ¡†æ¶é¡µ-é»˜è®¤çš®è‚¤æ ·å¼åç§°','sys.index.skinName','skin-blue','Y','admin','2021-05-26 16:00:03','',NULL,'è“è‰² skin-blueã€ç»¿è‰² skin-greenã€ç´«è‰² skin-purpleã€çº¢è‰² skin-redã€é»„è‰² skin-yellow'),
(2,'ç”¨æˆ·ç®¡ç†-è´¦å·åˆå§‹å¯†ç ','sys.user.initPassword','123456','Y','admin','2021-05-26 16:00:03','',NULL,'åˆå§‹åŒ–å¯†ç  123456'),
(3,'ä¸»æ¡†æ¶é¡µ-ä¾§è¾¹æ ä¸»é¢˜','sys.index.sideTheme','theme-dark','Y','admin','2021-05-26 16:00:03','',NULL,'æ·±è‰²ä¸»é¢˜theme-darkï¼Œæµ…è‰²ä¸»é¢˜theme-light');

/*Table structure for table `sys_dept` */

DROP TABLE IF EXISTS `sys_dept`;

CREATE TABLE `sys_dept` (
  `dept_id` bigint NOT NULL AUTO_INCREMENT COMMENT 'éƒ¨é—¨id',
  `parent_id` bigint DEFAULT '0' COMMENT 'çˆ¶éƒ¨é—¨id',
  `ancestors` varchar(50) COLLATE utf8mb4_general_ci DEFAULT '' COMMENT 'ç¥–çº§åˆ—è¡¨',
  `dept_name` varchar(30) COLLATE utf8mb4_general_ci DEFAULT '' COMMENT 'éƒ¨é—¨åç§°',
  `order_num` int DEFAULT '0' COMMENT 'æ˜¾ç¤ºé¡ºåº',
  `leader` varchar(20) COLLATE utf8mb4_general_ci DEFAULT NULL COMMENT 'è´Ÿè´£äºº',
  `phone` varchar(11) COLLATE utf8mb4_general_ci DEFAULT NULL COMMENT 'è”ç³»ç”µè¯',
  `email` varchar(50) COLLATE utf8mb4_general_ci DEFAULT NULL COMMENT 'é‚®ç®±',
  `status` char(1) COLLATE utf8mb4_general_ci DEFAULT '0' COMMENT 'éƒ¨é—¨çŠ¶æ€ï¼ˆ0æ­£å¸¸ 1åœç”¨ï¼‰',
  `del_flag` char(1) COLLATE utf8mb4_general_ci DEFAULT '0' COMMENT 'åˆ é™¤æ ‡å¿—ï¼ˆ0ä»£è¡¨å­˜åœ¨ 2ä»£è¡¨åˆ é™¤ï¼‰',
  `create_by` varchar(64) COLLATE utf8mb4_general_ci DEFAULT '' COMMENT 'åˆ›å»ºè€…',
  `create_time` datetime DEFAULT NULL COMMENT 'åˆ›å»ºæ—¶é—´',
  `update_by` varchar(64) COLLATE utf8mb4_general_ci DEFAULT '' COMMENT 'æ›´æ–°è€…',
  `update_time` datetime DEFAULT NULL COMMENT 'æ›´æ–°æ—¶é—´',
  PRIMARY KEY (`dept_id`)
) ENGINE=InnoDB AUTO_INCREMENT=200 DEFAULT CHARSET=utf8mb4 COLLATE=utf8mb4_general_ci COMMENT='éƒ¨é—¨è¡¨';

/*Data for the table `sys_dept` */

insert  into `sys_dept`(`dept_id`,`parent_id`,`ancestors`,`dept_name`,`order_num`,`leader`,`phone`,`email`,`status`,`del_flag`,`create_by`,`create_time`,`update_by`,`update_time`) values 
(100,0,'0','è‹¥ä¾ç§‘æŠ€',0,'è‹¥ä¾','15888888888','ry@qq.com','0','0','admin','2021-05-26 16:00:03','',NULL),
(101,100,'0,100','æ·±åœ³æ€»å…¬å¸',1,'è‹¥ä¾','15888888888','ry@qq.com','0','0','admin','2021-05-26 16:00:03','',NULL),
(102,100,'0,100','é•¿æ²™åˆ†å…¬å¸',2,'è‹¥ä¾','15888888888','ry@qq.com','0','0','admin','2021-05-26 16:00:03','',NULL),
(103,101,'0,100,101','ç ”å‘éƒ¨é—¨',1,'è‹¥ä¾','15888888888','ry@qq.com','0','0','admin','2021-05-26 16:00:03','',NULL),
(104,101,'0,100,101','å¸‚åœºéƒ¨é—¨',2,'è‹¥ä¾','15888888888','ry@qq.com','0','0','admin','2021-05-26 16:00:03','',NULL),
(105,101,'0,100,101','æµ‹è¯•éƒ¨é—¨',3,'è‹¥ä¾','15888888888','ry@qq.com','0','0','admin','2021-05-26 16:00:03','',NULL),
(106,101,'0,100,101','è´¢åŠ¡éƒ¨é—¨',4,'è‹¥ä¾','15888888888','ry@qq.com','0','0','admin','2021-05-26 16:00:03','',NULL),
(107,101,'0,100,101','è¿ç»´éƒ¨é—¨',5,'è‹¥ä¾','15888888888','ry@qq.com','0','0','admin','2021-05-26 16:00:03','',NULL),
(108,102,'0,100,102','å¸‚åœºéƒ¨é—¨',1,'è‹¥ä¾','15888888888','ry@qq.com','0','0','admin','2021-05-26 16:00:03','',NULL),
(109,102,'0,100,102','è´¢åŠ¡éƒ¨é—¨',2,'è‹¥ä¾','15888888888','ry@qq.com','0','0','admin','2021-05-26 16:00:03','',NULL);

/*Table structure for table `sys_dict_data` */

DROP TABLE IF EXISTS `sys_dict_data`;

CREATE TABLE `sys_dict_data` (
  `dict_code` bigint NOT NULL AUTO_INCREMENT COMMENT 'å­—å…¸ç¼–ç ',
  `dict_sort` int DEFAULT '0' COMMENT 'å­—å…¸æ’åº',
  `dict_label` varchar(100) COLLATE utf8mb4_general_ci DEFAULT '' COMMENT 'å­—å…¸æ ‡ç­¾',
  `dict_value` varchar(100) COLLATE utf8mb4_general_ci DEFAULT '' COMMENT 'å­—å…¸é”®å€¼',
  `dict_type` varchar(100) COLLATE utf8mb4_general_ci DEFAULT '' COMMENT 'å­—å…¸ç±»å‹',
  `css_class` varchar(100) COLLATE utf8mb4_general_ci DEFAULT NULL COMMENT 'æ ·å¼å±æ€§ï¼ˆå…¶ä»–æ ·å¼æ‰©å±•ï¼‰',
  `list_class` varchar(100) COLLATE utf8mb4_general_ci DEFAULT NULL COMMENT 'è¡¨æ ¼å›æ˜¾æ ·å¼',
  `is_default` char(1) COLLATE utf8mb4_general_ci DEFAULT 'N' COMMENT 'æ˜¯å¦é»˜è®¤ï¼ˆYæ˜¯ Nå¦ï¼‰',
  `status` char(1) COLLATE utf8mb4_general_ci DEFAULT '0' COMMENT 'çŠ¶æ€ï¼ˆ0æ­£å¸¸ 1åœç”¨ï¼‰',
  `create_by` varchar(64) COLLATE utf8mb4_general_ci DEFAULT '' COMMENT 'åˆ›å»ºè€…',
  `create_time` datetime DEFAULT NULL COMMENT 'åˆ›å»ºæ—¶é—´',
  `update_by` varchar(64) COLLATE utf8mb4_general_ci DEFAULT '' COMMENT 'æ›´æ–°è€…',
  `update_time` datetime DEFAULT NULL COMMENT 'æ›´æ–°æ—¶é—´',
  `remark` varchar(500) COLLATE utf8mb4_general_ci DEFAULT NULL COMMENT 'å¤‡æ³¨',
  PRIMARY KEY (`dict_code`)
) ENGINE=InnoDB AUTO_INCREMENT=100 DEFAULT CHARSET=utf8mb4 COLLATE=utf8mb4_general_ci COMMENT='å­—å…¸æ•°æ®è¡¨';

/*Data for the table `sys_dict_data` */

insert  into `sys_dict_data`(`dict_code`,`dict_sort`,`dict_label`,`dict_value`,`dict_type`,`css_class`,`list_class`,`is_default`,`status`,`create_by`,`create_time`,`update_by`,`update_time`,`remark`) values 
(1,1,'ç”·','0','sys_user_sex','','','Y','0','admin','2021-05-26 16:00:03','',NULL,'æ€§åˆ«ç”·'),
(2,2,'å¥³','1','sys_user_sex','','','N','0','admin','2021-05-26 16:00:03','',NULL,'æ€§åˆ«å¥³'),
(3,3,'æœªçŸ¥','2','sys_user_sex','','','N','0','admin','2021-05-26 16:00:03','',NULL,'æ€§åˆ«æœªçŸ¥'),
(4,1,'æ˜¾ç¤º','0','sys_show_hide','','primary','Y','0','admin','2021-05-26 16:00:03','',NULL,'æ˜¾ç¤ºèœå•'),
(5,2,'éšè—','1','sys_show_hide','','danger','N','0','admin','2021-05-26 16:00:03','',NULL,'éšè—èœå•'),
(6,1,'æ­£å¸¸','0','sys_normal_disable','','primary','Y','0','admin','2021-05-26 16:00:03','',NULL,'æ­£å¸¸çŠ¶æ€'),
(7,2,'åœç”¨','1','sys_normal_disable','','danger','N','0','admin','2021-05-26 16:00:03','',NULL,'åœç”¨çŠ¶æ€'),
(8,1,'æ­£å¸¸','0','sys_job_status','','primary','Y','0','admin','2021-05-26 16:00:03','',NULL,'æ­£å¸¸çŠ¶æ€'),
(9,2,'æš‚åœ','1','sys_job_status','','danger','N','0','admin','2021-05-26 16:00:03','',NULL,'åœç”¨çŠ¶æ€'),
(10,1,'é»˜è®¤','DEFAULT','sys_job_group','','','Y','0','admin','2021-05-26 16:00:03','',NULL,'é»˜è®¤åˆ†ç»„'),
(11,2,'ç³»ç»Ÿ','SYSTEM','sys_job_group','','','N','0','admin','2021-05-26 16:00:03','',NULL,'ç³»ç»Ÿåˆ†ç»„'),
(12,1,'æ˜¯','Y','sys_yes_no','','primary','Y','0','admin','2021-05-26 16:00:03','',NULL,'ç³»ç»Ÿé»˜è®¤æ˜¯'),
(13,2,'å¦','N','sys_yes_no','','danger','N','0','admin','2021-05-26 16:00:03','',NULL,'ç³»ç»Ÿé»˜è®¤å¦'),
(14,1,'é€šçŸ¥','1','sys_notice_type','','warning','Y','0','admin','2021-05-26 16:00:03','',NULL,'é€šçŸ¥'),
(15,2,'å…¬å‘Š','2','sys_notice_type','','success','N','0','admin','2021-05-26 16:00:03','',NULL,'å…¬å‘Š'),
(16,1,'æ­£å¸¸','0','sys_notice_status','','primary','Y','0','admin','2021-05-26 16:00:03','',NULL,'æ­£å¸¸çŠ¶æ€'),
(17,2,'å…³é—­','1','sys_notice_status','','danger','N','0','admin','2021-05-26 16:00:03','',NULL,'å…³é—­çŠ¶æ€'),
(18,1,'æ–°å¢','1','sys_oper_type','','info','N','0','admin','2021-05-26 16:00:03','',NULL,'æ–°å¢æ“ä½œ'),
(19,2,'ä¿®æ”¹','2','sys_oper_type','','info','N','0','admin','2021-05-26 16:00:03','',NULL,'ä¿®æ”¹æ“ä½œ'),
(20,3,'åˆ é™¤','3','sys_oper_type','','danger','N','0','admin','2021-05-26 16:00:03','',NULL,'åˆ é™¤æ“ä½œ'),
(21,4,'æˆæƒ','4','sys_oper_type','','primary','N','0','admin','2021-05-26 16:00:03','',NULL,'æˆæƒæ“ä½œ'),
(22,5,'å¯¼å‡º','5','sys_oper_type','','warning','N','0','admin','2021-05-26 16:00:03','',NULL,'å¯¼å‡ºæ“ä½œ'),
(23,6,'å¯¼å…¥','6','sys_oper_type','','warning','N','0','admin','2021-05-26 16:00:03','',NULL,'å¯¼å…¥æ“ä½œ'),
(24,7,'å¼ºé€€','7','sys_oper_type','','danger','N','0','admin','2021-05-26 16:00:03','',NULL,'å¼ºé€€æ“ä½œ'),
(25,8,'ç”Ÿæˆä»£ç ','8','sys_oper_type','','warning','N','0','admin','2021-05-26 16:00:03','',NULL,'ç”Ÿæˆæ“ä½œ'),
(26,9,'æ¸…ç©ºæ•°æ®','9','sys_oper_type','','danger','N','0','admin','2021-05-26 16:00:03','',NULL,'æ¸…ç©ºæ“ä½œ'),
(27,1,'æˆåŠŸ','0','sys_common_status','','primary','N','0','admin','2021-05-26 16:00:03','',NULL,'æ­£å¸¸çŠ¶æ€'),
(28,2,'å¤±è´¥','1','sys_common_status','','danger','N','0','admin','2021-05-26 16:00:03','',NULL,'åœç”¨çŠ¶æ€');

/*Table structure for table `sys_dict_type` */

DROP TABLE IF EXISTS `sys_dict_type`;

CREATE TABLE `sys_dict_type` (
  `dict_id` bigint NOT NULL AUTO_INCREMENT COMMENT 'å­—å…¸ä¸»é”®',
  `dict_name` varchar(100) COLLATE utf8mb4_general_ci DEFAULT '' COMMENT 'å­—å…¸åç§°',
  `dict_type` varchar(100) COLLATE utf8mb4_general_ci DEFAULT '' COMMENT 'å­—å…¸ç±»å‹',
  `status` char(1) COLLATE utf8mb4_general_ci DEFAULT '0' COMMENT 'çŠ¶æ€ï¼ˆ0æ­£å¸¸ 1åœç”¨ï¼‰',
  `create_by` varchar(64) COLLATE utf8mb4_general_ci DEFAULT '' COMMENT 'åˆ›å»ºè€…',
  `create_time` datetime DEFAULT NULL COMMENT 'åˆ›å»ºæ—¶é—´',
  `update_by` varchar(64) COLLATE utf8mb4_general_ci DEFAULT '' COMMENT 'æ›´æ–°è€…',
  `update_time` datetime DEFAULT NULL COMMENT 'æ›´æ–°æ—¶é—´',
  `remark` varchar(500) COLLATE utf8mb4_general_ci DEFAULT NULL COMMENT 'å¤‡æ³¨',
  PRIMARY KEY (`dict_id`),
  UNIQUE KEY `dict_type` (`dict_type`)
) ENGINE=InnoDB AUTO_INCREMENT=100 DEFAULT CHARSET=utf8mb4 COLLATE=utf8mb4_general_ci COMMENT='å­—å…¸ç±»å‹è¡¨';

/*Data for the table `sys_dict_type` */

insert  into `sys_dict_type`(`dict_id`,`dict_name`,`dict_type`,`status`,`create_by`,`create_time`,`update_by`,`update_time`,`remark`) values 
(1,'ç”¨æˆ·æ€§åˆ«','sys_user_sex','0','admin','2021-05-26 16:00:03','',NULL,'ç”¨æˆ·æ€§åˆ«åˆ—è¡¨'),
(2,'èœå•çŠ¶æ€','sys_show_hide','0','admin','2021-05-26 16:00:03','',NULL,'èœå•çŠ¶æ€åˆ—è¡¨'),
(3,'ç³»ç»Ÿå¼€å…³','sys_normal_disable','0','admin','2021-05-26 16:00:03','',NULL,'ç³»ç»Ÿå¼€å…³åˆ—è¡¨'),
(4,'ä»»åŠ¡çŠ¶æ€','sys_job_status','0','admin','2021-05-26 16:00:03','',NULL,'ä»»åŠ¡çŠ¶æ€åˆ—è¡¨'),
(5,'ä»»åŠ¡åˆ†ç»„','sys_job_group','0','admin','2021-05-26 16:00:03','',NULL,'ä»»åŠ¡åˆ†ç»„åˆ—è¡¨'),
(6,'ç³»ç»Ÿæ˜¯å¦','sys_yes_no','0','admin','2021-05-26 16:00:03','',NULL,'ç³»ç»Ÿæ˜¯å¦åˆ—è¡¨'),
(7,'é€šçŸ¥ç±»å‹','sys_notice_type','0','admin','2021-05-26 16:00:03','',NULL,'é€šçŸ¥ç±»å‹åˆ—è¡¨'),
(8,'é€šçŸ¥çŠ¶æ€','sys_notice_status','0','admin','2021-05-26 16:00:03','',NULL,'é€šçŸ¥çŠ¶æ€åˆ—è¡¨'),
(9,'æ“ä½œç±»å‹','sys_oper_type','0','admin','2021-05-26 16:00:03','',NULL,'æ“ä½œç±»å‹åˆ—è¡¨'),
(10,'ç³»ç»ŸçŠ¶æ€','sys_common_status','0','admin','2021-05-26 16:00:03','',NULL,'ç™»å½•çŠ¶æ€åˆ—è¡¨');

/*Table structure for table `sys_job` */

DROP TABLE IF EXISTS `sys_job`;

CREATE TABLE `sys_job` (
  `job_id` bigint NOT NULL AUTO_INCREMENT COMMENT 'ä»»åŠ¡ID',
  `job_name` varchar(64) COLLATE utf8mb4_general_ci NOT NULL DEFAULT '' COMMENT 'ä»»åŠ¡åç§°',
  `job_group` varchar(64) COLLATE utf8mb4_general_ci NOT NULL DEFAULT 'DEFAULT' COMMENT 'ä»»åŠ¡ç»„å',
  `invoke_target` varchar(500) COLLATE utf8mb4_general_ci NOT NULL COMMENT 'è°ƒç”¨ç›®æ ‡å­—ç¬¦ä¸²',
  `cron_expression` varchar(255) COLLATE utf8mb4_general_ci DEFAULT '' COMMENT 'cronæ‰§è¡Œè¡¨è¾¾å¼',
  `misfire_policy` varchar(20) COLLATE utf8mb4_general_ci DEFAULT '3' COMMENT 'è®¡åˆ’æ‰§è¡Œé”™è¯¯ç­–ç•¥ï¼ˆ1ç«‹å³æ‰§è¡Œ 2æ‰§è¡Œä¸€æ¬¡ 3æ”¾å¼ƒæ‰§è¡Œï¼‰',
  `concurrent` char(1) COLLATE utf8mb4_general_ci DEFAULT '1' COMMENT 'æ˜¯å¦å¹¶å‘æ‰§è¡Œï¼ˆ0å…è®¸ 1ç¦æ­¢ï¼‰',
  `status` char(1) COLLATE utf8mb4_general_ci DEFAULT '0' COMMENT 'çŠ¶æ€ï¼ˆ0æ­£å¸¸ 1æš‚åœï¼‰',
  `create_by` varchar(64) COLLATE utf8mb4_general_ci DEFAULT '' COMMENT 'åˆ›å»ºè€…',
  `create_time` datetime DEFAULT NULL COMMENT 'åˆ›å»ºæ—¶é—´',
  `update_by` varchar(64) COLLATE utf8mb4_general_ci DEFAULT '' COMMENT 'æ›´æ–°è€…',
  `update_time` datetime DEFAULT NULL COMMENT 'æ›´æ–°æ—¶é—´',
  `remark` varchar(500) COLLATE utf8mb4_general_ci DEFAULT '' COMMENT 'å¤‡æ³¨ä¿¡æ¯',
  PRIMARY KEY (`job_id`,`job_name`,`job_group`)
) ENGINE=InnoDB AUTO_INCREMENT=100 DEFAULT CHARSET=utf8mb4 COLLATE=utf8mb4_general_ci COMMENT='å®šæ—¶ä»»åŠ¡è°ƒåº¦è¡¨';

/*Data for the table `sys_job` */

insert  into `sys_job`(`job_id`,`job_name`,`job_group`,`invoke_target`,`cron_expression`,`misfire_policy`,`concurrent`,`status`,`create_by`,`create_time`,`update_by`,`update_time`,`remark`) values 
(1,'ç³»ç»Ÿé»˜è®¤ï¼ˆæ— å‚ï¼‰','DEFAULT','ryTask.ryNoParams','0/10 * * * * ?','3','1','1','admin','2021-05-26 16:00:03','',NULL,''),
(2,'ç³»ç»Ÿé»˜è®¤ï¼ˆæœ‰å‚ï¼‰','DEFAULT','ryTask.ryParams(\'ry\')','0/15 * * * * ?','3','1','1','admin','2021-05-26 16:00:03','',NULL,''),
(3,'ç³»ç»Ÿé»˜è®¤ï¼ˆå¤šå‚ï¼‰','DEFAULT','ryTask.ryMultipleParams(\'ry\', true, 2000L, 316.50D, 100)','0/20 * * * * ?','3','1','1','admin','2021-05-26 16:00:03','',NULL,'');

/*Table structure for table `sys_job_log` */

DROP TABLE IF EXISTS `sys_job_log`;

CREATE TABLE `sys_job_log` (
  `job_log_id` bigint NOT NULL AUTO_INCREMENT COMMENT 'ä»»åŠ¡æ—¥å¿—ID',
  `job_name` varchar(64) COLLATE utf8mb4_general_ci NOT NULL COMMENT 'ä»»åŠ¡åç§°',
  `job_group` varchar(64) COLLATE utf8mb4_general_ci NOT NULL COMMENT 'ä»»åŠ¡ç»„å',
  `invoke_target` varchar(500) COLLATE utf8mb4_general_ci NOT NULL COMMENT 'è°ƒç”¨ç›®æ ‡å­—ç¬¦ä¸²',
  `job_message` varchar(500) COLLATE utf8mb4_general_ci DEFAULT NULL COMMENT 'æ—¥å¿—ä¿¡æ¯',
  `status` char(1) COLLATE utf8mb4_general_ci DEFAULT '0' COMMENT 'æ‰§è¡ŒçŠ¶æ€ï¼ˆ0æ­£å¸¸ 1å¤±è´¥ï¼‰',
  `exception_info` varchar(2000) COLLATE utf8mb4_general_ci DEFAULT '' COMMENT 'å¼‚å¸¸ä¿¡æ¯',
  `create_time` datetime DEFAULT NULL COMMENT 'åˆ›å»ºæ—¶é—´',
  PRIMARY KEY (`job_log_id`)
) ENGINE=InnoDB DEFAULT CHARSET=utf8mb4 COLLATE=utf8mb4_general_ci COMMENT='å®šæ—¶ä»»åŠ¡è°ƒåº¦æ—¥å¿—è¡¨';

/*Data for the table `sys_job_log` */

/*Table structure for table `sys_logininfor` */

DROP TABLE IF EXISTS `sys_logininfor`;

CREATE TABLE `sys_logininfor` (
  `info_id` bigint NOT NULL AUTO_INCREMENT COMMENT 'è®¿é—®ID',
  `user_name` varchar(50) COLLATE utf8mb4_general_ci DEFAULT '' COMMENT 'ç”¨æˆ·è´¦å·',
  `ipaddr` varchar(128) COLLATE utf8mb4_general_ci DEFAULT '' COMMENT 'ç™»å½•IPåœ°å€',
  `login_location` varchar(255) COLLATE utf8mb4_general_ci DEFAULT '' COMMENT 'ç™»å½•åœ°ç‚¹',
  `browser` varchar(50) COLLATE utf8mb4_general_ci DEFAULT '' COMMENT 'æµè§ˆå™¨ç±»å‹',
  `os` varchar(50) COLLATE utf8mb4_general_ci DEFAULT '' COMMENT 'æ“ä½œç³»ç»Ÿ',
  `status` char(1) COLLATE utf8mb4_general_ci DEFAULT '0' COMMENT 'ç™»å½•çŠ¶æ€ï¼ˆ0æˆåŠŸ 1å¤±è´¥ï¼‰',
  `msg` varchar(255) COLLATE utf8mb4_general_ci DEFAULT '' COMMENT 'æç¤ºæ¶ˆæ¯',
  `login_time` datetime DEFAULT NULL COMMENT 'è®¿é—®æ—¶é—´',
  PRIMARY KEY (`info_id`)
) ENGINE=InnoDB AUTO_INCREMENT=100 DEFAULT CHARSET=utf8mb4 COLLATE=utf8mb4_general_ci COMMENT='ç³»ç»Ÿè®¿é—®è®°å½•';

/*Data for the table `sys_logininfor` */

/*Table structure for table `sys_menu` */

DROP TABLE IF EXISTS `sys_menu`;

CREATE TABLE `sys_menu` (
  `menu_id` bigint NOT NULL AUTO_INCREMENT COMMENT 'èœå•ID',
  `menu_name` varchar(50) COLLATE utf8mb4_general_ci NOT NULL COMMENT 'èœå•åç§°',
  `parent_id` bigint DEFAULT '0' COMMENT 'çˆ¶èœå•ID',
  `order_num` int DEFAULT '0' COMMENT 'æ˜¾ç¤ºé¡ºåº',
  `path` varchar(200) COLLATE utf8mb4_general_ci DEFAULT '' COMMENT 'è·¯ç”±åœ°å€',
  `component` varchar(255) COLLATE utf8mb4_general_ci DEFAULT NULL COMMENT 'ç»„ä»¶è·¯å¾„',
  `is_frame` int DEFAULT '1' COMMENT 'æ˜¯å¦ä¸ºå¤–é“¾ï¼ˆ0æ˜¯ 1å¦ï¼‰',
  `is_cache` int DEFAULT '0' COMMENT 'æ˜¯å¦ç¼“å­˜ï¼ˆ0ç¼“å­˜ 1ä¸ç¼“å­˜ï¼‰',
  `menu_type` char(1) COLLATE utf8mb4_general_ci DEFAULT '' COMMENT 'èœå•ç±»å‹ï¼ˆMç›®å½• Cèœå• FæŒ‰é’®ï¼‰',
  `visible` char(1) COLLATE utf8mb4_general_ci DEFAULT '0' COMMENT 'èœå•çŠ¶æ€ï¼ˆ0æ˜¾ç¤º 1éšè—ï¼‰',
  `status` char(1) COLLATE utf8mb4_general_ci DEFAULT '0' COMMENT 'èœå•çŠ¶æ€ï¼ˆ0æ­£å¸¸ 1åœç”¨ï¼‰',
  `perms` varchar(100) COLLATE utf8mb4_general_ci DEFAULT NULL COMMENT 'æƒé™æ ‡è¯†',
  `icon` varchar(100) COLLATE utf8mb4_general_ci DEFAULT '#' COMMENT 'èœå•å›¾æ ‡',
  `create_by` varchar(64) COLLATE utf8mb4_general_ci DEFAULT '' COMMENT 'åˆ›å»ºè€…',
  `create_time` datetime DEFAULT NULL COMMENT 'åˆ›å»ºæ—¶é—´',
  `update_by` varchar(64) COLLATE utf8mb4_general_ci DEFAULT '' COMMENT 'æ›´æ–°è€…',
  `update_time` datetime DEFAULT NULL COMMENT 'æ›´æ–°æ—¶é—´',
  `remark` varchar(500) COLLATE utf8mb4_general_ci DEFAULT '' COMMENT 'å¤‡æ³¨',
  PRIMARY KEY (`menu_id`)
) ENGINE=InnoDB AUTO_INCREMENT=2043 DEFAULT CHARSET=utf8mb4 COLLATE=utf8mb4_general_ci COMMENT='èœå•æƒé™è¡¨';

/*Data for the table `sys_menu` */

insert  into `sys_menu`(`menu_id`,`menu_name`,`parent_id`,`order_num`,`path`,`component`,`is_frame`,`is_cache`,`menu_type`,`visible`,`status`,`perms`,`icon`,`create_by`,`create_time`,`update_by`,`update_time`,`remark`) values 
(1,'ç³»ç»Ÿç®¡ç†',0,1,'system',NULL,1,0,'M','0','0','','system','admin','2021-05-26 16:00:03','',NULL,'ç³»ç»Ÿç®¡ç†ç›®å½•'),
(2,'ç³»ç»Ÿç›‘æ§',0,2,'monitor',NULL,1,0,'M','0','0','','monitor','admin','2021-05-26 16:00:03','',NULL,'ç³»ç»Ÿç›‘æ§ç›®å½•'),
(3,'ç³»ç»Ÿå·¥å…·',0,3,'tool',NULL,1,0,'M','0','0','','tool','admin','2021-05-26 16:00:03','',NULL,'ç³»ç»Ÿå·¥å…·ç›®å½•'),
(4,'è‹¥ä¾å®˜ç½‘',0,4,'http://ruoyi.vip',NULL,0,0,'M','0','0','','guide','admin','2021-05-26 16:00:03','',NULL,'è‹¥ä¾å®˜ç½‘åœ°å€'),
(100,'ç”¨æˆ·ç®¡ç†',1,1,'user','system/user/index',1,0,'C','0','0','system:user:list','user','admin','2021-05-26 16:00:03','',NULL,'ç”¨æˆ·ç®¡ç†èœå•'),
(101,'è§’è‰²ç®¡ç†',1,2,'role','system/role/index',1,0,'C','0','0','system:role:list','peoples','admin','2021-05-26 16:00:03','',NULL,'è§’è‰²ç®¡ç†èœå•'),
(102,'èœå•ç®¡ç†',1,3,'menu','system/menu/index',1,0,'C','0','0','system:menu:list','tree-table','admin','2021-05-26 16:00:03','',NULL,'èœå•ç®¡ç†èœå•'),
(103,'éƒ¨é—¨ç®¡ç†',1,4,'dept','system/dept/index',1,0,'C','0','0','system:dept:list','tree','admin','2021-05-26 16:00:03','',NULL,'éƒ¨é—¨ç®¡ç†èœå•'),
(104,'å²—ä½ç®¡ç†',1,5,'post','system/post/index',1,0,'C','0','0','system:post:list','post','admin','2021-05-26 16:00:03','',NULL,'å²—ä½ç®¡ç†èœå•'),
(105,'å­—å…¸ç®¡ç†',1,6,'dict','system/dict/index',1,0,'C','0','0','system:dict:list','dict','admin','2021-05-26 16:00:03','',NULL,'å­—å…¸ç®¡ç†èœå•'),
(106,'å‚æ•°è®¾ç½®',1,7,'config','system/config/index',1,0,'C','0','0','system:config:list','edit','admin','2021-05-26 16:00:03','',NULL,'å‚æ•°è®¾ç½®èœå•'),
(107,'é€šçŸ¥å…¬å‘Š',1,8,'notice','system/notice/index',1,0,'C','0','0','system:notice:list','message','admin','2021-05-26 16:00:03','',NULL,'é€šçŸ¥å…¬å‘Šèœå•'),
(108,'æ—¥å¿—ç®¡ç†',1,9,'log','',1,0,'M','0','0','','log','admin','2021-05-26 16:00:03','',NULL,'æ—¥å¿—ç®¡ç†èœå•'),
(109,'åœ¨çº¿ç”¨æˆ·',2,1,'online','monitor/online/index',1,0,'C','0','0','monitor:online:list','online','admin','2021-05-26 16:00:03','',NULL,'åœ¨çº¿ç”¨æˆ·èœå•'),
(110,'å®šæ—¶ä»»åŠ¡',2,2,'job','monitor/job/index',1,0,'C','0','0','monitor:job:list','job','admin','2021-05-26 16:00:03','',NULL,'å®šæ—¶ä»»åŠ¡èœå•'),
(111,'æ•°æ®ç›‘æ§',2,3,'druid','monitor/druid/index',1,0,'C','0','0','monitor:druid:list','druid','admin','2021-05-26 16:00:03','',NULL,'æ•°æ®ç›‘æ§èœå•'),
(112,'æœåŠ¡ç›‘æ§',2,4,'server','monitor/server/index',1,0,'C','0','0','monitor:server:list','server','admin','2021-05-26 16:00:03','',NULL,'æœåŠ¡ç›‘æ§èœå•'),
(113,'ç¼“å­˜ç›‘æ§',2,5,'cache','monitor/cache/index',1,0,'C','0','0','monitor:cache:list','redis','admin','2021-05-26 16:00:03','',NULL,'ç¼“å­˜ç›‘æ§èœå•'),
(114,'è¡¨å•æ„å»º',3,1,'build','tool/build/index',1,0,'C','0','0','tool:build:list','build','admin','2021-05-26 16:00:03','',NULL,'è¡¨å•æ„å»ºèœå•'),
(115,'ä»£ç ç”Ÿæˆ',3,2,'gen','tool/gen/index',1,0,'C','0','0','tool:gen:list','code','admin','2021-05-26 16:00:03','',NULL,'ä»£ç ç”Ÿæˆèœå•'),
(116,'ç³»ç»Ÿæ¥å£',3,3,'swagger','tool/swagger/index',1,0,'C','0','0','tool:swagger:list','swagger','admin','2021-05-26 16:00:03','',NULL,'ç³»ç»Ÿæ¥å£èœå•'),
(500,'æ“ä½œæ—¥å¿—',108,1,'operlog','monitor/operlog/index',1,0,'C','0','0','monitor:operlog:list','form','admin','2021-05-26 16:00:03','',NULL,'æ“ä½œæ—¥å¿—èœå•'),
(501,'ç™»å½•æ—¥å¿—',108,2,'logininfor','monitor/logininfor/index',1,0,'C','0','0','monitor:logininfor:list','logininfor','admin','2021-05-26 16:00:03','',NULL,'ç™»å½•æ—¥å¿—èœå•'),
(1001,'ç”¨æˆ·æŸ¥è¯¢',100,1,'','',1,0,'F','0','0','system:user:query','#','admin','2021-05-26 16:00:03','',NULL,''),
(1002,'ç”¨æˆ·æ–°å¢',100,2,'','',1,0,'F','0','0','system:user:add','#','admin','2021-05-26 16:00:03','',NULL,''),
(1003,'ç”¨æˆ·ä¿®æ”¹',100,3,'','',1,0,'F','0','0','system:user:edit','#','admin','2021-05-26 16:00:03','',NULL,''),
(1004,'ç”¨æˆ·åˆ é™¤',100,4,'','',1,0,'F','0','0','system:user:remove','#','admin','2021-05-26 16:00:03','',NULL,''),
(1005,'ç”¨æˆ·å¯¼å‡º',100,5,'','',1,0,'F','0','0','system:user:export','#','admin','2021-05-26 16:00:03','',NULL,''),
(1006,'ç”¨æˆ·å¯¼å…¥',100,6,'','',1,0,'F','0','0','system:user:import','#','admin','2021-05-26 16:00:03','',NULL,''),
(1007,'é‡ç½®å¯†ç ',100,7,'','',1,0,'F','0','0','system:user:resetPwd','#','admin','2021-05-26 16:00:03','',NULL,''),
(1008,'è§’è‰²æŸ¥è¯¢',101,1,'','',1,0,'F','0','0','system:role:query','#','admin','2021-05-26 16:00:03','',NULL,''),
(1009,'è§’è‰²æ–°å¢',101,2,'','',1,0,'F','0','0','system:role:add','#','admin','2021-05-26 16:00:03','',NULL,''),
(1010,'è§’è‰²ä¿®æ”¹',101,3,'','',1,0,'F','0','0','system:role:edit','#','admin','2021-05-26 16:00:03','',NULL,''),
(1011,'è§’è‰²åˆ é™¤',101,4,'','',1,0,'F','0','0','system:role:remove','#','admin','2021-05-26 16:00:03','',NULL,''),
(1012,'è§’è‰²å¯¼å‡º',101,5,'','',1,0,'F','0','0','system:role:export','#','admin','2021-05-26 16:00:03','',NULL,''),
(1013,'èœå•æŸ¥è¯¢',102,1,'','',1,0,'F','0','0','system:menu:query','#','admin','2021-05-26 16:00:03','',NULL,''),
(1014,'èœå•æ–°å¢',102,2,'','',1,0,'F','0','0','system:menu:add','#','admin','2021-05-26 16:00:03','',NULL,''),
(1015,'èœå•ä¿®æ”¹',102,3,'','',1,0,'F','0','0','system:menu:edit','#','admin','2021-05-26 16:00:03','',NULL,''),
(1016,'èœå•åˆ é™¤',102,4,'','',1,0,'F','0','0','system:menu:remove','#','admin','2021-05-26 16:00:03','',NULL,''),
(1017,'éƒ¨é—¨æŸ¥è¯¢',103,1,'','',1,0,'F','0','0','system:dept:query','#','admin','2021-05-26 16:00:03','',NULL,''),
(1018,'éƒ¨é—¨æ–°å¢',103,2,'','',1,0,'F','0','0','system:dept:add','#','admin','2021-05-26 16:00:03','',NULL,''),
(1019,'éƒ¨é—¨ä¿®æ”¹',103,3,'','',1,0,'F','0','0','system:dept:edit','#','admin','2021-05-26 16:00:03','',NULL,''),
(1020,'éƒ¨é—¨åˆ é™¤',103,4,'','',1,0,'F','0','0','system:dept:remove','#','admin','2021-05-26 16:00:03','',NULL,''),
(1021,'å²—ä½æŸ¥è¯¢',104,1,'','',1,0,'F','0','0','system:post:query','#','admin','2021-05-26 16:00:03','',NULL,''),
(1022,'å²—ä½æ–°å¢',104,2,'','',1,0,'F','0','0','system:post:add','#','admin','2021-05-26 16:00:03','',NULL,''),
(1023,'å²—ä½ä¿®æ”¹',104,3,'','',1,0,'F','0','0','system:post:edit','#','admin','2021-05-26 16:00:03','',NULL,''),
(1024,'å²—ä½åˆ é™¤',104,4,'','',1,0,'F','0','0','system:post:remove','#','admin','2021-05-26 16:00:03','',NULL,''),
(1025,'å²—ä½å¯¼å‡º',104,5,'','',1,0,'F','0','0','system:post:export','#','admin','2021-05-26 16:00:03','',NULL,''),
(1026,'å­—å…¸æŸ¥è¯¢',105,1,'#','',1,0,'F','0','0','system:dict:query','#','admin','2021-05-26 16:00:03','',NULL,''),
(1027,'å­—å…¸æ–°å¢',105,2,'#','',1,0,'F','0','0','system:dict:add','#','admin','2021-05-26 16:00:03','',NULL,''),
(1028,'å­—å…¸ä¿®æ”¹',105,3,'#','',1,0,'F','0','0','system:dict:edit','#','admin','2021-05-26 16:00:03','',NULL,''),
(1029,'å­—å…¸åˆ é™¤',105,4,'#','',1,0,'F','0','0','system:dict:remove','#','admin','2021-05-26 16:00:03','',NULL,''),
(1030,'å­—å…¸å¯¼å‡º',105,5,'#','',1,0,'F','0','0','system:dict:export','#','admin','2021-05-26 16:00:03','',NULL,''),
(1031,'å‚æ•°æŸ¥è¯¢',106,1,'#','',1,0,'F','0','0','system:config:query','#','admin','2021-05-26 16:00:03','',NULL,''),
(1032,'å‚æ•°æ–°å¢',106,2,'#','',1,0,'F','0','0','system:config:add','#','admin','2021-05-26 16:00:03','',NULL,''),
(1033,'å‚æ•°ä¿®æ”¹',106,3,'#','',1,0,'F','0','0','system:config:edit','#','admin','2021-05-26 16:00:03','',NULL,''),
(1034,'å‚æ•°åˆ é™¤',106,4,'#','',1,0,'F','0','0','system:config:remove','#','admin','2021-05-26 16:00:03','',NULL,''),
(1035,'å‚æ•°å¯¼å‡º',106,5,'#','',1,0,'F','0','0','system:config:export','#','admin','2021-05-26 16:00:03','',NULL,''),
(1036,'å…¬å‘ŠæŸ¥è¯¢',107,1,'#','',1,0,'F','0','0','system:notice:query','#','admin','2021-05-26 16:00:03','',NULL,''),
(1037,'å…¬å‘Šæ–°å¢',107,2,'#','',1,0,'F','0','0','system:notice:add','#','admin','2021-05-26 16:00:03','',NULL,''),
(1038,'å…¬å‘Šä¿®æ”¹',107,3,'#','',1,0,'F','0','0','system:notice:edit','#','admin','2021-05-26 16:00:03','',NULL,''),
(1039,'å…¬å‘Šåˆ é™¤',107,4,'#','',1,0,'F','0','0','system:notice:remove','#','admin','2021-05-26 16:00:03','',NULL,''),
(1040,'æ“ä½œæŸ¥è¯¢',500,1,'#','',1,0,'F','0','0','monitor:operlog:query','#','admin','2021-05-26 16:00:03','',NULL,''),
(1041,'æ“ä½œåˆ é™¤',500,2,'#','',1,0,'F','0','0','monitor:operlog:remove','#','admin','2021-05-26 16:00:03','',NULL,''),
(1042,'æ—¥å¿—å¯¼å‡º',500,4,'#','',1,0,'F','0','0','monitor:operlog:export','#','admin','2021-05-26 16:00:03','',NULL,''),
(1043,'ç™»å½•æŸ¥è¯¢',501,1,'#','',1,0,'F','0','0','monitor:logininfor:query','#','admin','2021-05-26 16:00:03','',NULL,''),
(1044,'ç™»å½•åˆ é™¤',501,2,'#','',1,0,'F','0','0','monitor:logininfor:remove','#','admin','2021-05-26 16:00:03','',NULL,''),
(1045,'æ—¥å¿—å¯¼å‡º',501,3,'#','',1,0,'F','0','0','monitor:logininfor:export','#','admin','2021-05-26 16:00:03','',NULL,''),
(1046,'åœ¨çº¿æŸ¥è¯¢',109,1,'#','',1,0,'F','0','0','monitor:online:query','#','admin','2021-05-26 16:00:03','',NULL,''),
(1047,'æ‰¹é‡å¼ºé€€',109,2,'#','',1,0,'F','0','0','monitor:online:batchLogout','#','admin','2021-05-26 16:00:03','',NULL,''),
(1048,'å•æ¡å¼ºé€€',109,3,'#','',1,0,'F','0','0','monitor:online:forceLogout','#','admin','2021-05-26 16:00:03','',NULL,''),
(1049,'ä»»åŠ¡æŸ¥è¯¢',110,1,'#','',1,0,'F','0','0','monitor:job:query','#','admin','2021-05-26 16:00:03','',NULL,''),
(1050,'ä»»åŠ¡æ–°å¢',110,2,'#','',1,0,'F','0','0','monitor:job:add','#','admin','2021-05-26 16:00:03','',NULL,''),
(1051,'ä»»åŠ¡ä¿®æ”¹',110,3,'#','',1,0,'F','0','0','monitor:job:edit','#','admin','2021-05-26 16:00:03','',NULL,''),
(1052,'ä»»åŠ¡åˆ é™¤',110,4,'#','',1,0,'F','0','0','monitor:job:remove','#','admin','2021-05-26 16:00:03','',NULL,''),
(1053,'çŠ¶æ€ä¿®æ”¹',110,5,'#','',1,0,'F','0','0','monitor:job:changeStatus','#','admin','2021-05-26 16:00:03','',NULL,''),
(1054,'ä»»åŠ¡å¯¼å‡º',110,7,'#','',1,0,'F','0','0','monitor:job:export','#','admin','2021-05-26 16:00:03','',NULL,''),
(1055,'ç”ŸæˆæŸ¥è¯¢',115,1,'#','',1,0,'F','0','0','tool:gen:query','#','admin','2021-05-26 16:00:03','',NULL,''),
(1056,'ç”Ÿæˆä¿®æ”¹',115,2,'#','',1,0,'F','0','0','tool:gen:edit','#','admin','2021-05-26 16:00:03','',NULL,''),
(1057,'ç”Ÿæˆåˆ é™¤',115,3,'#','',1,0,'F','0','0','tool:gen:remove','#','admin','2021-05-26 16:00:03','',NULL,''),
(1058,'å¯¼å…¥ä»£ç ',115,2,'#','',1,0,'F','0','0','tool:gen:import','#','admin','2021-05-26 16:00:03','',NULL,''),
(1059,'é¢„è§ˆä»£ç ',115,4,'#','',1,0,'F','0','0','tool:gen:preview','#','admin','2021-05-26 16:00:03','',NULL,''),
(1060,'ç”Ÿæˆä»£ç ',115,5,'#','',1,0,'F','0','0','tool:gen:code','#','admin','2021-05-26 16:00:03','',NULL,''),
(2000,'å¾®ä¿¡äº’åŠ©',0,0,'multhelp',NULL,1,0,'M','0','0',NULL,'people','admin','2021-05-26 16:17:52','',NULL,''),
(2001,'ç”¨æˆ·è´¦å·',2000,1,'account','multhelp/account/index',1,0,'C','0','0','multhelp:account:list','#','admin','2021-05-26 16:21:57','',NULL,'ç”¨æˆ·è´¦å·èœå•'),
(2002,'ç”¨æˆ·è´¦å·æŸ¥è¯¢',2001,1,'#','',1,0,'F','0','0','multhelp:account:query','#','admin','2021-05-26 16:21:57','',NULL,''),
(2003,'ç”¨æˆ·è´¦å·æ–°å¢',2001,2,'#','',1,0,'F','0','0','multhelp:account:add','#','admin','2021-05-26 16:21:57','',NULL,''),
(2004,'ç”¨æˆ·è´¦å·ä¿®æ”¹',2001,3,'#','',1,0,'F','0','0','multhelp:account:edit','#','admin','2021-05-26 16:21:57','',NULL,''),
(2005,'ç”¨æˆ·è´¦å·åˆ é™¤',2001,4,'#','',1,0,'F','0','0','multhelp:account:remove','#','admin','2021-05-26 16:21:57','',NULL,''),
(2006,'ç”¨æˆ·è´¦å·å¯¼å‡º',2001,5,'#','',1,0,'F','0','0','multhelp:account:export','#','admin','2021-05-26 16:21:57','',NULL,''),
(2007,'èŠå¤©ä¼šè¯è¿æ¥',2000,1,'chatandcontent','multhelp/chatandcontent/index',1,0,'C','0','0','multhelp:chatandcontent:list','#','admin','2021-05-26 16:22:02','',NULL,'èŠå¤©ä¼šè¯è¿æ¥èœå•'),
(2008,'èŠå¤©ä¼šè¯è¿æ¥æŸ¥è¯¢',2007,1,'#','',1,0,'F','0','0','multhelp:chatandcontent:query','#','admin','2021-05-26 16:22:02','',NULL,''),
(2009,'èŠå¤©ä¼šè¯è¿æ¥æ–°å¢',2007,2,'#','',1,0,'F','0','0','multhelp:chatandcontent:add','#','admin','2021-05-26 16:22:02','',NULL,''),
(2010,'èŠå¤©ä¼šè¯è¿æ¥ä¿®æ”¹',2007,3,'#','',1,0,'F','0','0','multhelp:chatandcontent:edit','#','admin','2021-05-26 16:22:02','',NULL,''),
(2011,'èŠå¤©ä¼šè¯è¿æ¥åˆ é™¤',2007,4,'#','',1,0,'F','0','0','multhelp:chatandcontent:remove','#','admin','2021-05-26 16:22:02','',NULL,''),
(2012,'èŠå¤©ä¼šè¯è¿æ¥å¯¼å‡º',2007,5,'#','',1,0,'F','0','0','multhelp:chatandcontent:export','#','admin','2021-05-26 16:22:02','',NULL,''),
(2013,'ç”¨æˆ·èŠå¤©',2000,1,'chat','multhelp/chat/index',1,0,'C','0','0','multhelp:chat:list','#','admin','2021-05-26 16:22:06','',NULL,'ç”¨æˆ·èŠå¤©èœå•'),
(2014,'ç”¨æˆ·èŠå¤©æŸ¥è¯¢',2013,1,'#','',1,0,'F','0','0','multhelp:chat:query','#','admin','2021-05-26 16:22:06','',NULL,''),
(2015,'ç”¨æˆ·èŠå¤©æ–°å¢',2013,2,'#','',1,0,'F','0','0','multhelp:chat:add','#','admin','2021-05-26 16:22:06','',NULL,''),
(2016,'ç”¨æˆ·èŠå¤©ä¿®æ”¹',2013,3,'#','',1,0,'F','0','0','multhelp:chat:edit','#','admin','2021-05-26 16:22:06','',NULL,''),
(2017,'ç”¨æˆ·èŠå¤©åˆ é™¤',2013,4,'#','',1,0,'F','0','0','multhelp:chat:remove','#','admin','2021-05-26 16:22:06','',NULL,''),
(2018,'ç”¨æˆ·èŠå¤©å¯¼å‡º',2013,5,'#','',1,0,'F','0','0','multhelp:chat:export','#','admin','2021-05-26 16:22:06','',NULL,''),
(2019,'èŠå¤©å†…å®¹',2000,1,'content','multhelp/content/index',1,0,'C','0','0','multhelp:content:list','#','admin','2021-05-26 16:22:10','',NULL,'èŠå¤©å†…å®¹èœå•'),
(2020,'èŠå¤©å†…å®¹æŸ¥è¯¢',2019,1,'#','',1,0,'F','0','0','multhelp:content:query','#','admin','2021-05-26 16:22:10','',NULL,''),
(2021,'èŠå¤©å†…å®¹æ–°å¢',2019,2,'#','',1,0,'F','0','0','multhelp:content:add','#','admin','2021-05-26 16:22:10','',NULL,''),
(2022,'èŠå¤©å†…å®¹ä¿®æ”¹',2019,3,'#','',1,0,'F','0','0','multhelp:content:edit','#','admin','2021-05-26 16:22:10','',NULL,''),
(2023,'èŠå¤©å†…å®¹åˆ é™¤',2019,4,'#','',1,0,'F','0','0','multhelp:content:remove','#','admin','2021-05-26 16:22:10','',NULL,''),
(2024,'èŠå¤©å†…å®¹å¯¼å‡º',2019,5,'#','',1,0,'F','0','0','multhelp:content:export','#','admin','2021-05-26 16:22:10','',NULL,''),
(2025,'ç™»é™†éªŒè¯',2000,1,'login','multhelp/login/index',1,0,'C','0','0','multhelp:login:list','#','admin','2021-05-26 16:22:14','',NULL,'ç™»é™†éªŒè¯èœå•'),
(2026,'ç™»é™†éªŒè¯æŸ¥è¯¢',2025,1,'#','',1,0,'F','0','0','multhelp:login:query','#','admin','2021-05-26 16:22:14','',NULL,''),
(2027,'ç™»é™†éªŒè¯æ–°å¢',2025,2,'#','',1,0,'F','0','0','multhelp:login:add','#','admin','2021-05-26 16:22:14','',NULL,''),
(2028,'ç™»é™†éªŒè¯ä¿®æ”¹',2025,3,'#','',1,0,'F','0','0','multhelp:login:edit','#','admin','2021-05-26 16:22:14','',NULL,''),
(2029,'ç™»é™†éªŒè¯åˆ é™¤',2025,4,'#','',1,0,'F','0','0','multhelp:login:remove','#','admin','2021-05-26 16:22:14','',NULL,''),
(2030,'ç™»é™†éªŒè¯å¯¼å‡º',2025,5,'#','',1,0,'F','0','0','multhelp:login:export','#','admin','2021-05-26 16:22:14','',NULL,''),
(2031,'æ¶ˆæ¯ç•Œé¢',2000,1,'message','multhelp/message/index',1,0,'C','0','0','multhelp:message:list','#','admin','2021-05-26 16:22:17','',NULL,'æ¶ˆæ¯ç•Œé¢èœå•'),
(2032,'æ¶ˆæ¯ç•Œé¢æŸ¥è¯¢',2031,1,'#','',1,0,'F','0','0','multhelp:message:query','#','admin','2021-05-26 16:22:17','',NULL,''),
(2033,'æ¶ˆæ¯ç•Œé¢æ–°å¢',2031,2,'#','',1,0,'F','0','0','multhelp:message:add','#','admin','2021-05-26 16:22:17','',NULL,''),
(2034,'æ¶ˆæ¯ç•Œé¢ä¿®æ”¹',2031,3,'#','',1,0,'F','0','0','multhelp:message:edit','#','admin','2021-05-26 16:22:17','',NULL,''),
(2035,'æ¶ˆæ¯ç•Œé¢åˆ é™¤',2031,4,'#','',1,0,'F','0','0','multhelp:message:remove','#','admin','2021-05-26 16:22:17','',NULL,''),
(2036,'æ¶ˆæ¯ç•Œé¢å¯¼å‡º',2031,5,'#','',1,0,'F','0','0','multhelp:message:export','#','admin','2021-05-26 16:22:17','',NULL,''),
(2037,'å‘å¸ƒå¸®åŠ©',2000,1,'post','multhelp/post/index',1,0,'C','0','0','multhelp:post:list','#','admin','2021-05-26 16:22:21','',NULL,'å‘å¸ƒå¸®åŠ©èœå•'),
(2038,'å‘å¸ƒå¸®åŠ©æŸ¥è¯¢',2037,1,'#','',1,0,'F','0','0','multhelp:post:query','#','admin','2021-05-26 16:22:21','',NULL,''),
(2039,'å‘å¸ƒå¸®åŠ©æ–°å¢',2037,2,'#','',1,0,'F','0','0','multhelp:post:add','#','admin','2021-05-26 16:22:21','',NULL,''),
(2040,'å‘å¸ƒå¸®åŠ©ä¿®æ”¹',2037,3,'#','',1,0,'F','0','0','multhelp:post:edit','#','admin','2021-05-26 16:22:21','',NULL,''),
(2041,'å‘å¸ƒå¸®åŠ©åˆ é™¤',2037,4,'#','',1,0,'F','0','0','multhelp:post:remove','#','admin','2021-05-26 16:22:21','',NULL,''),
(2042,'å‘å¸ƒå¸®åŠ©å¯¼å‡º',2037,5,'#','',1,0,'F','0','0','multhelp:post:export','#','admin','2021-05-26 16:22:21','',NULL,'');

/*Table structure for table `sys_notice` */

DROP TABLE IF EXISTS `sys_notice`;

CREATE TABLE `sys_notice` (
  `notice_id` int NOT NULL AUTO_INCREMENT COMMENT 'å…¬å‘ŠID',
  `notice_title` varchar(50) COLLATE utf8mb4_general_ci NOT NULL COMMENT 'å…¬å‘Šæ ‡é¢˜',
  `notice_type` char(1) COLLATE utf8mb4_general_ci NOT NULL COMMENT 'å…¬å‘Šç±»å‹ï¼ˆ1é€šçŸ¥ 2å…¬å‘Šï¼‰',
  `notice_content` longblob COMMENT 'å…¬å‘Šå†…å®¹',
  `status` char(1) COLLATE utf8mb4_general_ci DEFAULT '0' COMMENT 'å…¬å‘ŠçŠ¶æ€ï¼ˆ0æ­£å¸¸ 1å…³é—­ï¼‰',
  `create_by` varchar(64) COLLATE utf8mb4_general_ci DEFAULT '' COMMENT 'åˆ›å»ºè€…',
  `create_time` datetime DEFAULT NULL COMMENT 'åˆ›å»ºæ—¶é—´',
  `update_by` varchar(64) COLLATE utf8mb4_general_ci DEFAULT '' COMMENT 'æ›´æ–°è€…',
  `update_time` datetime DEFAULT NULL COMMENT 'æ›´æ–°æ—¶é—´',
  `remark` varchar(255) COLLATE utf8mb4_general_ci DEFAULT NULL COMMENT 'å¤‡æ³¨',
  PRIMARY KEY (`notice_id`)
) ENGINE=InnoDB AUTO_INCREMENT=10 DEFAULT CHARSET=utf8mb4 COLLATE=utf8mb4_general_ci COMMENT='é€šçŸ¥å…¬å‘Šè¡¨';

/*Data for the table `sys_notice` */

insert  into `sys_notice`(`notice_id`,`notice_title`,`notice_type`,`notice_content`,`status`,`create_by`,`create_time`,`update_by`,`update_time`,`remark`) values 
(1,'æ¸©é¦¨æé†’ï¼š2018-07-01 è‹¥ä¾æ–°ç‰ˆæœ¬å‘å¸ƒå•¦','2','æ–°ç‰ˆæœ¬å†…å®¹','0','admin','2021-05-26 16:00:03','',NULL,'ç®¡ç†å‘˜'),
(2,'ç»´æŠ¤é€šçŸ¥ï¼š2018-07-01 è‹¥ä¾ç³»ç»Ÿå‡Œæ™¨ç»´æŠ¤','1','ç»´æŠ¤å†…å®¹','0','admin','2021-05-26 16:00:03','',NULL,'ç®¡ç†å‘˜');

/*Table structure for table `sys_oper_log` */

DROP TABLE IF EXISTS `sys_oper_log`;

CREATE TABLE `sys_oper_log` (
  `oper_id` bigint NOT NULL AUTO_INCREMENT COMMENT 'æ—¥å¿—ä¸»é”®',
  `title` varchar(50) COLLATE utf8mb4_general_ci DEFAULT '' COMMENT 'æ¨¡å—æ ‡é¢˜',
  `business_type` int DEFAULT '0' COMMENT 'ä¸šåŠ¡ç±»å‹ï¼ˆ0å…¶å®ƒ 1æ–°å¢ 2ä¿®æ”¹ 3åˆ é™¤ï¼‰',
  `method` varchar(100) COLLATE utf8mb4_general_ci DEFAULT '' COMMENT 'æ–¹æ³•åç§°',
  `request_method` varchar(10) COLLATE utf8mb4_general_ci DEFAULT '' COMMENT 'è¯·æ±‚æ–¹å¼',
  `operator_type` int DEFAULT '0' COMMENT 'æ“ä½œç±»åˆ«ï¼ˆ0å…¶å®ƒ 1åå°ç”¨æˆ· 2æ‰‹æœºç«¯ç”¨æˆ·ï¼‰',
  `oper_name` varchar(50) COLLATE utf8mb4_general_ci DEFAULT '' COMMENT 'æ“ä½œäººå‘˜',
  `dept_name` varchar(50) COLLATE utf8mb4_general_ci DEFAULT '' COMMENT 'éƒ¨é—¨åç§°',
  `oper_url` varchar(255) COLLATE utf8mb4_general_ci DEFAULT '' COMMENT 'è¯·æ±‚URL',
  `oper_ip` varchar(128) COLLATE utf8mb4_general_ci DEFAULT '' COMMENT 'ä¸»æœºåœ°å€',
  `oper_location` varchar(255) COLLATE utf8mb4_general_ci DEFAULT '' COMMENT 'æ“ä½œåœ°ç‚¹',
  `oper_param` varchar(2000) COLLATE utf8mb4_general_ci DEFAULT '' COMMENT 'è¯·æ±‚å‚æ•°',
  `json_result` varchar(2000) COLLATE utf8mb4_general_ci DEFAULT '' COMMENT 'è¿”å›å‚æ•°',
  `status` int DEFAULT '0' COMMENT 'æ“ä½œçŠ¶æ€ï¼ˆ0æ­£å¸¸ 1å¼‚å¸¸ï¼‰',
  `error_msg` varchar(2000) COLLATE utf8mb4_general_ci DEFAULT '' COMMENT 'é”™è¯¯æ¶ˆæ¯',
  `oper_time` datetime DEFAULT NULL COMMENT 'æ“ä½œæ—¶é—´',
  PRIMARY KEY (`oper_id`)
) ENGINE=InnoDB AUTO_INCREMENT=110 DEFAULT CHARSET=utf8mb4 COLLATE=utf8mb4_general_ci COMMENT='æ“ä½œæ—¥å¿—è®°å½•';

/*Data for the table `sys_oper_log` */

insert  into `sys_oper_log`(`oper_id`,`title`,`business_type`,`method`,`request_method`,`operator_type`,`oper_name`,`dept_name`,`oper_url`,`oper_ip`,`oper_location`,`oper_param`,`json_result`,`status`,`error_msg`,`oper_time`) values 
(100,'ä»£ç ç”Ÿæˆ',6,'com.ruoyi.generator.controller.GenController.importTableSave()','POST',1,'admin',NULL,'/ry-miniapp/tool/gen/importTable','127.0.0.1','å†…ç½‘IP','multhelp_account,multhelp_chat,multhelp_chatandcontent,multhelp_login,multhelp_content,multhelp_message,multhelp_post','{\"msg\":\"æ“ä½œæˆåŠŸ\",\"code\":200}',0,NULL,'2021-05-26 16:16:43'),
(101,'èœå•ç®¡ç†',1,'com.ruoyi.web.controller.system.SysMenuController.add()','POST',1,'admin',NULL,'/ry-miniapp/system/menu','127.0.0.1','å†…ç½‘IP','{\"visible\":\"0\",\"icon\":\"people\",\"orderNum\":\"0\",\"menuName\":\"å¾®ä¿¡äº’åŠ©\",\"params\":{},\"parentId\":0,\"isCache\":\"0\",\"path\":\"multhelp\",\"createBy\":\"admin\",\"children\":[],\"isFrame\":\"1\",\"menuType\":\"M\",\"status\":\"0\"}','{\"msg\":\"æ“ä½œæˆåŠŸ\",\"code\":200}',0,NULL,'2021-05-26 16:17:52'),
(102,'ä»£ç ç”Ÿæˆ',2,'com.ruoyi.generator.controller.GenController.editSave()','PUT',1,'admin',NULL,'/ry-miniapp/tool/gen','127.0.0.1','å†…ç½‘IP','{\"sub\":false,\"functionAuthor\":\"ruoyi\",\"columns\":[{\"capJavaField\":\"Openid\",\"usableColumn\":false,\"columnId\":1,\"isIncrement\":\"0\",\"increment\":false,\"insert\":true,\"dictType\":\"\",\"required\":false,\"superColumn\":false,\"updateBy\":\"\",\"isInsert\":\"1\",\"javaField\":\"openid\",\"htmlType\":\"input\",\"edit\":false,\"query\":false,\"columnComment\":\"å¾®ä¿¡ç»™çš„è´¦æˆ·id\",\"sort\":1,\"list\":false,\"params\":{},\"javaType\":\"String\",\"queryType\":\"EQ\",\"columnType\":\"varchar(128)\",\"createBy\":\"admin\",\"isPk\":\"1\",\"createTime\":1622017003000,\"tableId\":1,\"pk\":true,\"columnName\":\"openid\"},{\"capJavaField\":\"Nickname\",\"usableColumn\":false,\"columnId\":2,\"isIncrement\":\"0\",\"increment\":false,\"insert\":true,\"isList\":\"1\",\"dictType\":\"\",\"required\":false,\"superColumn\":false,\"updateBy\":\"\",\"isInsert\":\"1\",\"javaField\":\"nickname\",\"htmlType\":\"input\",\"edit\":true,\"query\":true,\"columnComment\":\"æ˜µç§°\",\"isQuery\":\"1\",\"sort\":2,\"list\":true,\"params\":{},\"javaType\":\"String\",\"queryType\":\"LIKE\",\"columnType\":\"varchar(50)\",\"createBy\":\"admin\",\"isPk\":\"0\",\"createTime\":1622017003000,\"isEdit\":\"1\",\"tableId\":1,\"pk\":false,\"columnName\":\"nickname\"},{\"capJavaField\":\"Avatarurl\",\"usableColumn\":false,\"columnId\":3,\"isIncrement\":\"0\",\"increment\":false,\"insert\":true,\"isList\":\"1\",\"dictType\":\"\",\"required\":false,\"superColumn\":false,\"updateBy\":\"\",\"isInsert\":\"1\",\"javaField\":\"avatarurl\",\"htmlType\":\"input\",\"edit\":true,\"query\":true,\"columnComment\":\"å¤´åƒåœ°å€\",\"isQuery\":\"1\",\"sort\":3,\"list\":true,\"params\":{},\"javaType\":\"String\",\"queryType\":\"EQ\",\"columnType\":\"varchar(255)\",\"createBy\":\"admin\",\"isPk\":\"0\",\"createTime\":1622017003000,\"isEdit\":\"1\",\"tableId\":1,\"pk\":false,\"columnName\":\"avatarurl\"},{\"capJavaField\":\"Gender\",\"usableColumn\":false,\"columnId\":4,\"isIncrement\":\"0\",\"increment\":false,\"insert\":true,\"isList\":\"1\",\"dictType\":\"\",\"required\":false,\"superColumn\":false,\"updateBy\":\"\",\"isInsert\":\"1\",\"javaField\":\"gender\",\"htmlType\":\"input\",\"edit\":true,\"query\":true,\"columnComment\":\"æ€§åˆ«\",\"isQuery\":\"1\",\"sort\":4,\"list\":true,\"params\":{},\"javaType\":\"Long\",\"queryType\":\"EQ\",\"columnType\":\"tinyint\",\"createBy\":\"admin\",\"isPk','{\"msg\":\"æ“ä½œæˆåŠŸ\",\"code\":200}',0,NULL,'2021-05-26 16:18:41'),
(103,'ä»£ç ç”Ÿæˆ',2,'com.ruoyi.generator.controller.GenController.editSave()','PUT',1,'admin',NULL,'/ry-miniapp/tool/gen','127.0.0.1','å†…ç½‘IP','{\"sub\":false,\"functionAuthor\":\"ruoyi\",\"columns\":[{\"capJavaField\":\"Chatid\",\"usableColumn\":false,\"columnId\":9,\"isIncrement\":\"1\",\"increment\":true,\"insert\":true,\"dictType\":\"\",\"required\":false,\"superColumn\":false,\"updateBy\":\"\",\"isInsert\":\"1\",\"javaField\":\"chatid\",\"htmlType\":\"input\",\"edit\":false,\"query\":false,\"columnComment\":\"èŠå¤©id\",\"sort\":1,\"list\":false,\"params\":{},\"javaType\":\"Long\",\"queryType\":\"EQ\",\"columnType\":\"bigint(20) unsigned zerofill\",\"createBy\":\"admin\",\"isPk\":\"1\",\"createTime\":1622017003000,\"tableId\":2,\"pk\":true,\"columnName\":\"chatid\"},{\"capJavaField\":\"InitiatorOpenid\",\"usableColumn\":false,\"columnId\":10,\"isIncrement\":\"0\",\"increment\":false,\"insert\":true,\"isList\":\"1\",\"dictType\":\"\",\"required\":false,\"superColumn\":false,\"updateBy\":\"\",\"isInsert\":\"1\",\"javaField\":\"initiatorOpenid\",\"htmlType\":\"input\",\"edit\":true,\"query\":true,\"columnComment\":\"å‘èµ·è€…\",\"isQuery\":\"1\",\"sort\":2,\"list\":true,\"params\":{},\"javaType\":\"String\",\"queryType\":\"EQ\",\"columnType\":\"varchar(128)\",\"createBy\":\"admin\",\"isPk\":\"0\",\"createTime\":1622017003000,\"isEdit\":\"1\",\"tableId\":2,\"pk\":false,\"columnName\":\"initiator_openid\"},{\"capJavaField\":\"InviteeOpenid\",\"usableColumn\":false,\"columnId\":11,\"isIncrement\":\"0\",\"increment\":false,\"insert\":true,\"isList\":\"1\",\"dictType\":\"\",\"required\":false,\"superColumn\":false,\"updateBy\":\"\",\"isInsert\":\"1\",\"javaField\":\"inviteeOpenid\",\"htmlType\":\"input\",\"edit\":true,\"query\":true,\"columnComment\":\"å—é‚€è€…\",\"isQuery\":\"1\",\"sort\":3,\"list\":true,\"params\":{},\"javaType\":\"String\",\"queryType\":\"EQ\",\"columnType\":\"varchar(128)\",\"createBy\":\"admin\",\"isPk\":\"0\",\"createTime\":1622017003000,\"isEdit\":\"1\",\"tableId\":2,\"pk\":false,\"columnName\":\"invitee_openid\"},{\"capJavaField\":\"CreateTime\",\"usableColumn\":false,\"columnId\":12,\"isIncrement\":\"0\",\"increment\":false,\"insert\":true,\"dictType\":\"\",\"required\":false,\"superColumn\":true,\"updateBy\":\"\",\"isInsert\":\"1\",\"javaField\":\"createTime\",\"htmlType\":\"datetime\",\"edit\":false,\"query\":false,\"columnComment\":\"åˆ›å»ºæ—¶é—´\",\"sort\":4,\"list\":false,\"params\":{},\"javaType\":\"Date\",\"queryType\":\"EQ\",\"columnType\":','{\"msg\":\"æ“ä½œæˆåŠŸ\",\"code\":200}',0,NULL,'2021-05-26 16:20:05'),
(104,'ä»£ç ç”Ÿæˆ',2,'com.ruoyi.generator.controller.GenController.editSave()','PUT',1,'admin',NULL,'/ry-miniapp/tool/gen','127.0.0.1','å†…ç½‘IP','{\"sub\":false,\"functionAuthor\":\"ruoyi\",\"columns\":[{\"capJavaField\":\"Chatid\",\"usableColumn\":false,\"columnId\":13,\"isIncrement\":\"0\",\"increment\":false,\"insert\":true,\"isList\":\"1\",\"dictType\":\"\",\"required\":false,\"superColumn\":false,\"updateBy\":\"\",\"isInsert\":\"1\",\"javaField\":\"chatid\",\"htmlType\":\"input\",\"edit\":true,\"query\":true,\"columnComment\":\"èŠå¤©id\",\"isQuery\":\"1\",\"sort\":1,\"list\":true,\"params\":{},\"javaType\":\"Long\",\"queryType\":\"EQ\",\"columnType\":\"bigint\",\"createBy\":\"admin\",\"isPk\":\"0\",\"createTime\":1622017003000,\"isEdit\":\"1\",\"tableId\":3,\"pk\":false,\"columnName\":\"chatid\"},{\"capJavaField\":\"Contentid\",\"usableColumn\":false,\"columnId\":14,\"isIncrement\":\"0\",\"increment\":false,\"insert\":true,\"isList\":\"1\",\"dictType\":\"\",\"required\":false,\"superColumn\":false,\"updateBy\":\"\",\"isInsert\":\"1\",\"javaField\":\"contentid\",\"htmlType\":\"input\",\"edit\":true,\"query\":true,\"columnComment\":\"èŠå¤©å†…å®¹id\",\"isQuery\":\"1\",\"sort\":2,\"list\":true,\"params\":{},\"javaType\":\"Long\",\"queryType\":\"EQ\",\"columnType\":\"bigint\",\"createBy\":\"admin\",\"isPk\":\"0\",\"createTime\":1622017003000,\"isEdit\":\"1\",\"tableId\":3,\"pk\":false,\"columnName\":\"contentid\"}],\"businessName\":\"chatandcontent\",\"moduleName\":\"system\",\"className\":\"MulthelpChatandcontent\",\"tableName\":\"multhelp_chatandcontent\",\"crud\":true,\"options\":\"{\\\"parentMenuId\\\":2000}\",\"genType\":\"0\",\"packageName\":\"com.ruoyi.system\",\"functionName\":\"cc\",\"tree\":false,\"tableComment\":\"c\",\"params\":{\"parentMenuId\":2000},\"tplCategory\":\"crud\",\"parentMenuId\":\"2000\",\"tableId\":3,\"genPath\":\"/\"}','{\"msg\":\"æ“ä½œæˆåŠŸ\",\"code\":200}',0,NULL,'2021-05-26 16:20:21'),
(105,'ä»£ç ç”Ÿæˆ',2,'com.ruoyi.generator.controller.GenController.editSave()','PUT',1,'admin',NULL,'/ry-miniapp/tool/gen','127.0.0.1','å†…ç½‘IP','{\"sub\":false,\"functionAuthor\":\"ruoyi\",\"columns\":[{\"capJavaField\":\"Contentid\",\"usableColumn\":false,\"columnId\":15,\"isIncrement\":\"1\",\"increment\":true,\"insert\":true,\"dictType\":\"\",\"required\":false,\"superColumn\":false,\"updateBy\":\"\",\"isInsert\":\"1\",\"javaField\":\"contentid\",\"htmlType\":\"input\",\"edit\":false,\"query\":false,\"columnComment\":\"å†…å®¹id\",\"sort\":1,\"list\":false,\"params\":{},\"javaType\":\"Long\",\"queryType\":\"EQ\",\"columnType\":\"bigint(20) unsigned zerofill\",\"createBy\":\"admin\",\"isPk\":\"1\",\"createTime\":1622017003000,\"tableId\":4,\"pk\":true,\"columnName\":\"contentid\"},{\"capJavaField\":\"SendOpenid\",\"usableColumn\":false,\"columnId\":16,\"isIncrement\":\"0\",\"increment\":false,\"insert\":true,\"isList\":\"1\",\"dictType\":\"\",\"required\":false,\"superColumn\":false,\"updateBy\":\"\",\"isInsert\":\"1\",\"javaField\":\"sendOpenid\",\"htmlType\":\"input\",\"edit\":true,\"query\":true,\"columnComment\":\"å‘é€è€…id\",\"isQuery\":\"1\",\"sort\":2,\"list\":true,\"params\":{},\"javaType\":\"String\",\"queryType\":\"EQ\",\"columnType\":\"varchar(128)\",\"createBy\":\"admin\",\"isPk\":\"0\",\"createTime\":1622017003000,\"isEdit\":\"1\",\"tableId\":4,\"pk\":false,\"columnName\":\"send_openid\"},{\"capJavaField\":\"ReceiveOpenid\",\"usableColumn\":false,\"columnId\":17,\"isIncrement\":\"0\",\"increment\":false,\"insert\":true,\"isList\":\"1\",\"dictType\":\"\",\"required\":false,\"superColumn\":false,\"updateBy\":\"\",\"isInsert\":\"1\",\"javaField\":\"receiveOpenid\",\"htmlType\":\"input\",\"edit\":true,\"query\":true,\"columnComment\":\"æ¥æ”¶è€…id\",\"isQuery\":\"1\",\"sort\":3,\"list\":true,\"params\":{},\"javaType\":\"String\",\"queryType\":\"EQ\",\"columnType\":\"varchar(128)\",\"createBy\":\"admin\",\"isPk\":\"0\",\"createTime\":1622017003000,\"isEdit\":\"1\",\"tableId\":4,\"pk\":false,\"columnName\":\"receive_openid\"},{\"capJavaField\":\"Sender\",\"usableColumn\":false,\"columnId\":18,\"isIncrement\":\"0\",\"increment\":false,\"insert\":true,\"isList\":\"1\",\"dictType\":\"\",\"required\":false,\"superColumn\":false,\"updateBy\":\"\",\"isInsert\":\"1\",\"javaField\":\"sender\",\"htmlType\":\"input\",\"edit\":true,\"query\":true,\"columnComment\":\"å‘é€äºº\",\"isQuery\":\"1\",\"sort\":4,\"list\":true,\"params\":{},\"javaType\":\"String\",\"queryType\":\"EQ\"','{\"msg\":\"æ“ä½œæˆåŠŸ\",\"code\":200}',0,NULL,'2021-05-26 16:20:31'),
(106,'ä»£ç ç”Ÿæˆ',2,'com.ruoyi.generator.controller.GenController.editSave()','PUT',1,'admin',NULL,'/ry-miniapp/tool/gen','127.0.0.1','å†…ç½‘IP','{\"sub\":false,\"functionAuthor\":\"ruoyi\",\"columns\":[{\"capJavaField\":\"Session3rd\",\"usableColumn\":false,\"columnId\":22,\"isIncrement\":\"0\",\"increment\":false,\"insert\":true,\"dictType\":\"\",\"required\":false,\"superColumn\":false,\"updateBy\":\"\",\"isInsert\":\"1\",\"javaField\":\"session3rd\",\"htmlType\":\"input\",\"edit\":false,\"query\":false,\"columnComment\":\"æœåŠ¡å™¨ç»™çš„ä¸´æ—¶éªŒè¯\",\"sort\":1,\"list\":false,\"params\":{},\"javaType\":\"String\",\"queryType\":\"EQ\",\"columnType\":\"varchar(255)\",\"createBy\":\"admin\",\"isPk\":\"1\",\"createTime\":1622017003000,\"tableId\":5,\"pk\":true,\"columnName\":\"session_3rd\"},{\"capJavaField\":\"Openid\",\"usableColumn\":false,\"columnId\":23,\"isIncrement\":\"0\",\"increment\":false,\"insert\":true,\"isList\":\"1\",\"dictType\":\"\",\"required\":false,\"superColumn\":false,\"updateBy\":\"\",\"isInsert\":\"1\",\"javaField\":\"openid\",\"htmlType\":\"input\",\"edit\":true,\"query\":true,\"columnComment\":\"å¾®ä¿¡ç»™çš„id\",\"isQuery\":\"1\",\"sort\":2,\"list\":true,\"params\":{},\"javaType\":\"String\",\"queryType\":\"EQ\",\"columnType\":\"varchar(255)\",\"createBy\":\"admin\",\"isPk\":\"0\",\"createTime\":1622017003000,\"isEdit\":\"1\",\"tableId\":5,\"pk\":false,\"columnName\":\"openid\"},{\"capJavaField\":\"SessionKey\",\"usableColumn\":false,\"columnId\":24,\"isIncrement\":\"0\",\"increment\":false,\"insert\":true,\"isList\":\"1\",\"dictType\":\"\",\"required\":false,\"superColumn\":false,\"updateBy\":\"\",\"isInsert\":\"1\",\"javaField\":\"sessionKey\",\"htmlType\":\"input\",\"edit\":true,\"query\":true,\"columnComment\":\"å¾®ä¿¡ç»™çš„ä¼šè¯key\",\"isQuery\":\"1\",\"sort\":3,\"list\":true,\"params\":{},\"javaType\":\"String\",\"queryType\":\"EQ\",\"columnType\":\"varchar(255)\",\"createBy\":\"admin\",\"isPk\":\"0\",\"createTime\":1622017003000,\"isEdit\":\"1\",\"tableId\":5,\"pk\":false,\"columnName\":\"session_key\"},{\"capJavaField\":\"CreateTime\",\"usableColumn\":false,\"columnId\":25,\"isIncrement\":\"0\",\"increment\":false,\"insert\":true,\"dictType\":\"\",\"required\":false,\"superColumn\":true,\"updateBy\":\"\",\"isInsert\":\"1\",\"javaField\":\"createTime\",\"htmlType\":\"datetime\",\"edit\":false,\"query\":false,\"columnComment\":\"åˆ›å»ºæ—¶é—´\",\"sort\":4,\"list\":false,\"params\":{},\"javaType\":\"Date\",\"queryType\":\"EQ\",\"columnType\":\"timestamp\",\"createBy\"','{\"msg\":\"æ“ä½œæˆåŠŸ\",\"code\":200}',0,NULL,'2021-05-26 16:20:43'),
(107,'ä»£ç ç”Ÿæˆ',2,'com.ruoyi.generator.controller.GenController.editSave()','PUT',1,'admin',NULL,'/ry-miniapp/tool/gen','127.0.0.1','å†…ç½‘IP','{\"sub\":false,\"functionAuthor\":\"ruoyi\",\"columns\":[{\"capJavaField\":\"Chatid\",\"usableColumn\":false,\"columnId\":26,\"isIncrement\":\"0\",\"increment\":false,\"insert\":true,\"isList\":\"1\",\"dictType\":\"\",\"required\":false,\"superColumn\":false,\"updateBy\":\"\",\"isInsert\":\"1\",\"javaField\":\"chatid\",\"htmlType\":\"input\",\"edit\":true,\"query\":true,\"columnComment\":\"èŠå¤©id\",\"isQuery\":\"1\",\"sort\":1,\"list\":true,\"params\":{},\"javaType\":\"Long\",\"queryType\":\"EQ\",\"columnType\":\"bigint\",\"createBy\":\"admin\",\"isPk\":\"0\",\"createTime\":1622017003000,\"isEdit\":\"1\",\"tableId\":6,\"pk\":false,\"columnName\":\"chatid\"},{\"capJavaField\":\"LastContentid\",\"usableColumn\":false,\"columnId\":27,\"isIncrement\":\"0\",\"increment\":false,\"insert\":true,\"isList\":\"1\",\"dictType\":\"\",\"required\":false,\"superColumn\":false,\"updateBy\":\"\",\"isInsert\":\"1\",\"javaField\":\"lastContentid\",\"htmlType\":\"input\",\"edit\":true,\"query\":true,\"columnComment\":\"æœ€è¿‘çš„èŠå¤©å†…å®¹id\",\"isQuery\":\"1\",\"sort\":2,\"list\":true,\"params\":{},\"javaType\":\"Long\",\"queryType\":\"EQ\",\"columnType\":\"bigint\",\"createBy\":\"admin\",\"isPk\":\"0\",\"createTime\":1622017003000,\"isEdit\":\"1\",\"tableId\":6,\"pk\":false,\"columnName\":\"last_contentid\"}],\"businessName\":\"message\",\"moduleName\":\"system\",\"className\":\"MulthelpMessage\",\"tableName\":\"multhelp_message\",\"crud\":true,\"options\":\"{\\\"parentMenuId\\\":2000}\",\"genType\":\"0\",\"packageName\":\"com.ruoyi.system\",\"functionName\":\"c\",\"tree\":false,\"tableComment\":\"c\",\"params\":{\"parentMenuId\":2000},\"tplCategory\":\"crud\",\"parentMenuId\":\"2000\",\"tableId\":6,\"genPath\":\"/\"}','{\"msg\":\"æ“ä½œæˆåŠŸ\",\"code\":200}',0,NULL,'2021-05-26 16:20:52'),
(108,'ä»£ç ç”Ÿæˆ',2,'com.ruoyi.generator.controller.GenController.editSave()','PUT',1,'admin',NULL,'/ry-miniapp/tool/gen','127.0.0.1','å†…ç½‘IP','{\"sub\":false,\"functionAuthor\":\"ruoyi\",\"columns\":[{\"capJavaField\":\"Postid\",\"usableColumn\":false,\"columnId\":28,\"isIncrement\":\"1\",\"increment\":true,\"insert\":true,\"dictType\":\"\",\"required\":false,\"superColumn\":false,\"updateBy\":\"\",\"isInsert\":\"1\",\"javaField\":\"postid\",\"htmlType\":\"input\",\"edit\":false,\"query\":false,\"columnComment\":\"å‘å¸ƒå¸®åŠ©id\",\"sort\":1,\"list\":false,\"params\":{},\"javaType\":\"Integer\",\"queryType\":\"EQ\",\"columnType\":\"bigint(10) unsigned zerofill\",\"createBy\":\"admin\",\"isPk\":\"1\",\"createTime\":1622017003000,\"tableId\":7,\"pk\":true,\"columnName\":\"postid\"},{\"capJavaField\":\"PublishOpenid\",\"usableColumn\":false,\"columnId\":29,\"isIncrement\":\"0\",\"increment\":false,\"insert\":true,\"isList\":\"1\",\"dictType\":\"\",\"required\":false,\"superColumn\":false,\"updateBy\":\"\",\"isInsert\":\"1\",\"javaField\":\"publishOpenid\",\"htmlType\":\"input\",\"edit\":true,\"query\":true,\"columnComment\":\"å‘å¸ƒäººid\",\"isQuery\":\"1\",\"sort\":2,\"list\":true,\"params\":{},\"javaType\":\"String\",\"queryType\":\"EQ\",\"columnType\":\"varchar(255)\",\"createBy\":\"admin\",\"isPk\":\"0\",\"createTime\":1622017003000,\"isEdit\":\"1\",\"tableId\":7,\"pk\":false,\"columnName\":\"publish_openid\"},{\"capJavaField\":\"ReceiveOpenid\",\"usableColumn\":false,\"columnId\":30,\"isIncrement\":\"0\",\"increment\":false,\"insert\":true,\"isList\":\"1\",\"dictType\":\"\",\"required\":false,\"superColumn\":false,\"updateBy\":\"\",\"isInsert\":\"1\",\"javaField\":\"receiveOpenid\",\"htmlType\":\"input\",\"edit\":true,\"query\":true,\"columnComment\":\"å¸®åŠ©äººid\",\"isQuery\":\"1\",\"sort\":3,\"list\":true,\"params\":{},\"javaType\":\"String\",\"queryType\":\"EQ\",\"columnType\":\"varchar(255)\",\"createBy\":\"admin\",\"isPk\":\"0\",\"createTime\":1622017003000,\"isEdit\":\"1\",\"tableId\":7,\"pk\":false,\"columnName\":\"receive_openid\"},{\"capJavaField\":\"Tittle\",\"usableColumn\":false,\"columnId\":31,\"isIncrement\":\"0\",\"increment\":false,\"insert\":true,\"isList\":\"1\",\"dictType\":\"\",\"required\":false,\"superColumn\":false,\"updateBy\":\"\",\"isInsert\":\"1\",\"javaField\":\"tittle\",\"htmlType\":\"input\",\"edit\":true,\"query\":true,\"columnComment\":\"æ ‡é¢˜\",\"isQuery\":\"1\",\"sort\":4,\"list\":true,\"params\":{},\"javaType\":\"String\",\"queryType\":','{\"msg\":\"æ“ä½œæˆåŠŸ\",\"code\":200}',0,NULL,'2021-05-26 16:21:03'),
(109,'ä»£ç ç”Ÿæˆ',8,'com.ruoyi.generator.controller.GenController.batchGenCode()','GET',1,'admin',NULL,'/ry-miniapp/tool/gen/batchGenCode','127.0.0.1','å†…ç½‘IP','{}','null',0,NULL,'2021-05-26 16:21:06');

/*Table structure for table `sys_post` */

DROP TABLE IF EXISTS `sys_post`;

CREATE TABLE `sys_post` (
  `post_id` bigint NOT NULL AUTO_INCREMENT COMMENT 'å²—ä½ID',
  `post_code` varchar(64) COLLATE utf8mb4_general_ci NOT NULL COMMENT 'å²—ä½ç¼–ç ',
  `post_name` varchar(50) COLLATE utf8mb4_general_ci NOT NULL COMMENT 'å²—ä½åç§°',
  `post_sort` int NOT NULL COMMENT 'æ˜¾ç¤ºé¡ºåº',
  `status` char(1) COLLATE utf8mb4_general_ci NOT NULL COMMENT 'çŠ¶æ€ï¼ˆ0æ­£å¸¸ 1åœç”¨ï¼‰',
  `create_by` varchar(64) COLLATE utf8mb4_general_ci DEFAULT '' COMMENT 'åˆ›å»ºè€…',
  `create_time` datetime DEFAULT NULL COMMENT 'åˆ›å»ºæ—¶é—´',
  `update_by` varchar(64) COLLATE utf8mb4_general_ci DEFAULT '' COMMENT 'æ›´æ–°è€…',
  `update_time` datetime DEFAULT NULL COMMENT 'æ›´æ–°æ—¶é—´',
  `remark` varchar(500) COLLATE utf8mb4_general_ci DEFAULT NULL COMMENT 'å¤‡æ³¨',
  PRIMARY KEY (`post_id`)
) ENGINE=InnoDB AUTO_INCREMENT=5 DEFAULT CHARSET=utf8mb4 COLLATE=utf8mb4_general_ci COMMENT='å²—ä½ä¿¡æ¯è¡¨';

/*Data for the table `sys_post` */

insert  into `sys_post`(`post_id`,`post_code`,`post_name`,`post_sort`,`status`,`create_by`,`create_time`,`update_by`,`update_time`,`remark`) values 
(1,'ceo','è‘£äº‹é•¿',1,'0','admin','2021-05-26 16:00:03','',NULL,''),
(2,'se','é¡¹ç›®ç»ç†',2,'0','admin','2021-05-26 16:00:03','',NULL,''),
(3,'hr','äººåŠ›èµ„æº',3,'0','admin','2021-05-26 16:00:03','',NULL,''),
(4,'user','æ™®é€šå‘˜å·¥',4,'0','admin','2021-05-26 16:00:03','',NULL,'');

/*Table structure for table `sys_role` */

DROP TABLE IF EXISTS `sys_role`;

CREATE TABLE `sys_role` (
  `role_id` bigint NOT NULL AUTO_INCREMENT COMMENT 'è§’è‰²ID',
  `role_name` varchar(30) COLLATE utf8mb4_general_ci NOT NULL COMMENT 'è§’è‰²åç§°',
  `role_key` varchar(100) COLLATE utf8mb4_general_ci NOT NULL COMMENT 'è§’è‰²æƒé™å­—ç¬¦ä¸²',
  `role_sort` int NOT NULL COMMENT 'æ˜¾ç¤ºé¡ºåº',
  `data_scope` char(1) COLLATE utf8mb4_general_ci DEFAULT '1' COMMENT 'æ•°æ®èŒƒå›´ï¼ˆ1ï¼šå…¨éƒ¨æ•°æ®æƒé™ 2ï¼šè‡ªå®šæ•°æ®æƒé™ 3ï¼šæœ¬éƒ¨é—¨æ•°æ®æƒé™ 4ï¼šæœ¬éƒ¨é—¨åŠä»¥ä¸‹æ•°æ®æƒé™ï¼‰',
  `menu_check_strictly` tinyint(1) DEFAULT '1' COMMENT 'èœå•æ ‘é€‰æ‹©é¡¹æ˜¯å¦å…³è”æ˜¾ç¤º',
  `dept_check_strictly` tinyint(1) DEFAULT '1' COMMENT 'éƒ¨é—¨æ ‘é€‰æ‹©é¡¹æ˜¯å¦å…³è”æ˜¾ç¤º',
  `status` char(1) COLLATE utf8mb4_general_ci NOT NULL COMMENT 'è§’è‰²çŠ¶æ€ï¼ˆ0æ­£å¸¸ 1åœç”¨ï¼‰',
  `del_flag` char(1) COLLATE utf8mb4_general_ci DEFAULT '0' COMMENT 'åˆ é™¤æ ‡å¿—ï¼ˆ0ä»£è¡¨å­˜åœ¨ 2ä»£è¡¨åˆ é™¤ï¼‰',
  `create_by` varchar(64) COLLATE utf8mb4_general_ci DEFAULT '' COMMENT 'åˆ›å»ºè€…',
  `create_time` datetime DEFAULT NULL COMMENT 'åˆ›å»ºæ—¶é—´',
  `update_by` varchar(64) COLLATE utf8mb4_general_ci DEFAULT '' COMMENT 'æ›´æ–°è€…',
  `update_time` datetime DEFAULT NULL COMMENT 'æ›´æ–°æ—¶é—´',
  `remark` varchar(500) COLLATE utf8mb4_general_ci DEFAULT NULL COMMENT 'å¤‡æ³¨',
  PRIMARY KEY (`role_id`)
) ENGINE=InnoDB AUTO_INCREMENT=100 DEFAULT CHARSET=utf8mb4 COLLATE=utf8mb4_general_ci COMMENT='è§’è‰²ä¿¡æ¯è¡¨';

/*Data for the table `sys_role` */

insert  into `sys_role`(`role_id`,`role_name`,`role_key`,`role_sort`,`data_scope`,`menu_check_strictly`,`dept_check_strictly`,`status`,`del_flag`,`create_by`,`create_time`,`update_by`,`update_time`,`remark`) values 
(1,'è¶…çº§ç®¡ç†å‘˜','admin',1,'1',1,1,'0','0','admin','2021-05-26 16:00:03','',NULL,'è¶…çº§ç®¡ç†å‘˜'),
(2,'æ™®é€šè§’è‰²','common',2,'2',1,1,'0','0','admin','2021-05-26 16:00:03','',NULL,'æ™®é€šè§’è‰²');

/*Table structure for table `sys_role_dept` */

DROP TABLE IF EXISTS `sys_role_dept`;

CREATE TABLE `sys_role_dept` (
  `role_id` bigint NOT NULL COMMENT 'è§’è‰²ID',
  `dept_id` bigint NOT NULL COMMENT 'éƒ¨é—¨ID',
  PRIMARY KEY (`role_id`,`dept_id`)
) ENGINE=InnoDB DEFAULT CHARSET=utf8mb4 COLLATE=utf8mb4_general_ci COMMENT='è§’è‰²å’Œéƒ¨é—¨å…³è”è¡¨';

/*Data for the table `sys_role_dept` */

insert  into `sys_role_dept`(`role_id`,`dept_id`) values 
(2,100),
(2,101),
(2,105);

/*Table structure for table `sys_role_menu` */

DROP TABLE IF EXISTS `sys_role_menu`;

CREATE TABLE `sys_role_menu` (
  `role_id` bigint NOT NULL COMMENT 'è§’è‰²ID',
  `menu_id` bigint NOT NULL COMMENT 'èœå•ID',
  PRIMARY KEY (`role_id`,`menu_id`)
) ENGINE=InnoDB DEFAULT CHARSET=utf8mb4 COLLATE=utf8mb4_general_ci COMMENT='è§’è‰²å’Œèœå•å…³è”è¡¨';

/*Data for the table `sys_role_menu` */

insert  into `sys_role_menu`(`role_id`,`menu_id`) values 
(2,1),
(2,2),
(2,3),
(2,4),
(2,100),
(2,101),
(2,102),
(2,103),
(2,104),
(2,105),
(2,106),
(2,107),
(2,108),
(2,109),
(2,110),
(2,111),
(2,112),
(2,113),
(2,114),
(2,115),
(2,116),
(2,500),
(2,501),
(2,1000),
(2,1001),
(2,1002),
(2,1003),
(2,1004),
(2,1005),
(2,1006),
(2,1007),
(2,1008),
(2,1009),
(2,1010),
(2,1011),
(2,1012),
(2,1013),
(2,1014),
(2,1015),
(2,1016),
(2,1017),
(2,1018),
(2,1019),
(2,1020),
(2,1021),
(2,1022),
(2,1023),
(2,1024),
(2,1025),
(2,1026),
(2,1027),
(2,1028),
(2,1029),
(2,1030),
(2,1031),
(2,1032),
(2,1033),
(2,1034),
(2,1035),
(2,1036),
(2,1037),
(2,1038),
(2,1039),
(2,1040),
(2,1041),
(2,1042),
(2,1043),
(2,1044),
(2,1045),
(2,1046),
(2,1047),
(2,1048),
(2,1049),
(2,1050),
(2,1051),
(2,1052),
(2,1053),
(2,1054),
(2,1055),
(2,1056),
(2,1057),
(2,1058),
(2,1059),
(2,1060);

/*Table structure for table `sys_user` */

DROP TABLE IF EXISTS `sys_user`;

CREATE TABLE `sys_user` (
  `user_id` bigint NOT NULL AUTO_INCREMENT COMMENT 'ç”¨æˆ·ID',
  `dept_id` bigint DEFAULT NULL COMMENT 'éƒ¨é—¨ID',
  `user_name` varchar(30) COLLATE utf8mb4_general_ci NOT NULL COMMENT 'ç”¨æˆ·è´¦å·',
  `nick_name` varchar(30) COLLATE utf8mb4_general_ci NOT NULL COMMENT 'ç”¨æˆ·æ˜µç§°',
  `user_type` varchar(2) COLLATE utf8mb4_general_ci DEFAULT '00' COMMENT 'ç”¨æˆ·ç±»å‹ï¼ˆ00ç³»ç»Ÿç”¨æˆ·ï¼‰',
  `email` varchar(50) COLLATE utf8mb4_general_ci DEFAULT '' COMMENT 'ç”¨æˆ·é‚®ç®±',
  `phonenumber` varchar(11) COLLATE utf8mb4_general_ci DEFAULT '' COMMENT 'æ‰‹æœºå·ç ',
  `sex` char(1) COLLATE utf8mb4_general_ci DEFAULT '0' COMMENT 'ç”¨æˆ·æ€§åˆ«ï¼ˆ0ç”· 1å¥³ 2æœªçŸ¥ï¼‰',
  `avatar` varchar(100) COLLATE utf8mb4_general_ci DEFAULT '' COMMENT 'å¤´åƒåœ°å€',
  `password` varchar(100) COLLATE utf8mb4_general_ci DEFAULT '' COMMENT 'å¯†ç ',
  `status` char(1) COLLATE utf8mb4_general_ci DEFAULT '0' COMMENT 'å¸å·çŠ¶æ€ï¼ˆ0æ­£å¸¸ 1åœç”¨ï¼‰',
  `del_flag` char(1) COLLATE utf8mb4_general_ci DEFAULT '0' COMMENT 'åˆ é™¤æ ‡å¿—ï¼ˆ0ä»£è¡¨å­˜åœ¨ 2ä»£è¡¨åˆ é™¤ï¼‰',
  `login_ip` varchar(128) COLLATE utf8mb4_general_ci DEFAULT '' COMMENT 'æœ€åç™»å½•IP',
  `login_date` datetime DEFAULT NULL COMMENT 'æœ€åç™»å½•æ—¶é—´',
  `create_by` varchar(64) COLLATE utf8mb4_general_ci DEFAULT '' COMMENT 'åˆ›å»ºè€…',
  `create_time` datetime DEFAULT NULL COMMENT 'åˆ›å»ºæ—¶é—´',
  `update_by` varchar(64) COLLATE utf8mb4_general_ci DEFAULT '' COMMENT 'æ›´æ–°è€…',
  `update_time` datetime DEFAULT NULL COMMENT 'æ›´æ–°æ—¶é—´',
  `remark` varchar(500) COLLATE utf8mb4_general_ci DEFAULT NULL COMMENT 'å¤‡æ³¨',
  PRIMARY KEY (`user_id`)
) ENGINE=InnoDB AUTO_INCREMENT=100 DEFAULT CHARSET=utf8mb4 COLLATE=utf8mb4_general_ci COMMENT='ç”¨æˆ·ä¿¡æ¯è¡¨';

/*Data for the table `sys_user` */

insert  into `sys_user`(`user_id`,`dept_id`,`user_name`,`nick_name`,`user_type`,`email`,`phonenumber`,`sex`,`avatar`,`password`,`status`,`del_flag`,`login_ip`,`login_date`,`create_by`,`create_time`,`update_by`,`update_time`,`remark`) values 
(1,103,'admin','è‹¥ä¾','00','ry@163.com','15888888888','1','','$2a$10$7JB720yubVSZvUI0rEqK/.VqGOZTH.ulu33dHOiBE8ByOhJIrdAu2','0','0','127.0.0.1','2021-05-26 16:00:03','admin','2021-05-26 16:00:03','',NULL,'ç®¡ç†å‘˜'),
(2,105,'ry','è‹¥ä¾','00','ry@qq.com','15666666666','1','','$2a$10$7JB720yubVSZvUI0rEqK/.VqGOZTH.ulu33dHOiBE8ByOhJIrdAu2','0','0','127.0.0.1','2021-05-26 16:00:03','admin','2021-05-26 16:00:03','',NULL,'æµ‹è¯•å‘˜');

/*Table structure for table `sys_user_post` */

DROP TABLE IF EXISTS `sys_user_post`;

CREATE TABLE `sys_user_post` (
  `user_id` bigint NOT NULL COMMENT 'ç”¨æˆ·ID',
  `post_id` bigint NOT NULL COMMENT 'å²—ä½ID',
  PRIMARY KEY (`user_id`,`post_id`)
) ENGINE=InnoDB DEFAULT CHARSET=utf8mb4 COLLATE=utf8mb4_general_ci COMMENT='ç”¨æˆ·ä¸å²—ä½å…³è”è¡¨';

/*Data for the table `sys_user_post` */

insert  into `sys_user_post`(`user_id`,`post_id`) values 
(1,1),
(2,2);

/*Table structure for table `sys_user_role` */

DROP TABLE IF EXISTS `sys_user_role`;

CREATE TABLE `sys_user_role` (
  `user_id` bigint NOT NULL COMMENT 'ç”¨æˆ·ID',
  `role_id` bigint NOT NULL COMMENT 'è§’è‰²ID',
  PRIMARY KEY (`user_id`,`role_id`)
) ENGINE=InnoDB DEFAULT CHARSET=utf8mb4 COLLATE=utf8mb4_general_ci COMMENT='ç”¨æˆ·å’Œè§’è‰²å…³è”è¡¨';

/*Data for the table `sys_user_role` */

insert  into `sys_user_role`(`user_id`,`role_id`) values 
(1,1),
(2,2);

/*!50106 set global event_scheduler = 1*/;

/* Event structure for event `e_multhelp_delete_login` */

/*!50106 DROP EVENT IF EXISTS `e_multhelp_delete_login`*/;

DELIMITER $$

/*!50106 CREATE DEFINER=`iwan`@`%` EVENT `e_multhelp_delete_login` ON SCHEDULE EVERY 5 SECOND STARTS '2021-05-22 16:59:17' ON COMPLETION NOT PRESERVE ENABLE DO delete from `multhelp_login` where `create_time`<(CURRENT_TIMESTAMP() + INTERVAL -60 MINUTE) */$$
DELIMITER ;

/*!40101 SET SQL_MODE=@OLD_SQL_MODE */;
/*!40014 SET FOREIGN_KEY_CHECKS=@OLD_FOREIGN_KEY_CHECKS */;
/*!40014 SET UNIQUE_CHECKS=@OLD_UNIQUE_CHECKS */;
/*!40111 SET SQL_NOTES=@OLD_SQL_NOTES */;
